Type de bien,Localisation,Salles de bains,Superficie,Prix,Chambres
Appartement,Ariana,3,150,400000.0,3.0
Appartement,Nabeul,1,60,125000.0,1.0
Villa,Ariana,3,517,1150000.0,5.0
Appartement,Ariana,2,54,50516006.0,1.0
Villa,Nabeul,4,485,890000.0,4.0
Villa,Nabeul,3,845000,905000.0,4.0
Appartement,Ben Arous,2,600,95000.0,1.0
Appartement,Sfax,2,128,276000.0,2.0
Appartement,Ariana,8,1274,2500000.0,1.0
Appartement,Ariana,1,100,220000.0,3.0
Appartement,Ariana,1,60,90000.0,1.0
Villa,Ariana,3,320,530000.0,5.0
Maison,Tunis,1,200,220000.0,4.0
Maison,Nabeul,1,197,240000.0,2.0
Appartement,Ariana,2,150,360000.0,3.0
Appartement,Ariana,1,200,250000.0,2.0
Appartement,Sousse,2,118,315200.0,2.0
Villa,Ben Arous,2,350,650000.0,4.0
Maison,Nabeul,1,200,140000.0,2.0
Appartement,Bizerte,2,2,200000.0,2.0
Appartement,Sousse,1,80,76000.0,2.0
Appartement,Tunis,1,179,313000.0,2.0
Villa,Ariana,4,530,1600000.0,5.0
Villa,Nabeul,3,460,920000.0,4.0
Villa,Nabeul,5,700,650000.0,7.0
Appartement,Tunis,1,80,325000.0,2.0
Appartement,Tunis,2,100,255000.0,2.0
Appartement,Tunis,2,113,330000.0,2.0
Appartement,Ariana,1,100,160000.0,4.0
Appartement,Tunis,1,1,205000.0,1.0
Appartement,Tunis,1,1,167000.0,1.0
Appartement,Tunis,1,57,165000.0,1.0
Appartement,Tunis,1,50,230.0,1.0
Appartement,Ben Arous,1,100,180000.0,2.0
Appartement,Ben Arous,2,2600,95000.0,1.0
Appartement,Tunis,1,110,250000.0,3.0
Appartement,Tunis,0,590,262999.0,0.0
Appartement,Tunis,1,112,330.0,2.0
Appartement,Tunis,2,170,365000.0,4.0
Appartement,Tunis,2,114,330000.0,2.0
Appartement,Tunis,2,140,315000.0,3.0
Appartement,Tunis,2,140,360000.0,3.0
Villa,Sfax,3,390,530000.0,4.0
Villa,Ariana,3,300,960000.0,3.0
Appartement,Tunis,1,61,205000.0,1.0
Appartement,Ariana,2,110,240.0,3.0
Villa,Tunis,1,376,280000.0,4.0
Appartement,Ben Arous,1,145,280000.0,3.0
Appartement,Ariana,2,177,400000.0,4.0
Appartement,Ben Arous,1,100,230000.0,2.0
Appartement,Tunis,1,40,169000.0,1.0
Appartement,Ariana,1,65,199000.0,1.0
Appartement,Tunis,1,118,327000.0,2.0
Appartement,Tunis,2,105,480000.0,2.0
Appartement,Tunis,1,58,183000.0,1.0
Appartement,Sousse,1,116,311500.0,2.0
Appartement,Sousse,1,47,195000.0,1.0
Appartement,Sousse,1,75,195000.0,1.0
Appartement,Sousse,1,105,355000.0,2.0
Appartement,Sousse,2,107,125000.0,3.0
Appartement,Tunis,03,637,850.0,5.0
Appartement,Sousse,1,81,217998.0,2.0
Appartement,Sousse,1,49,220000.0,1.0
Appartement,Tunis,1,59,176000.0,1.0
Appartement,Tunis,1,80,305000.0,2.0
Appartement,Sousse,1,80,280000.0,2.0
Appartement,Tunis,1,50,86000.0,2.0
Appartement,Tunis,1,50,55.0,2.0
Appartement,Tunis,0,74,305000.0,3.0
Appartement,Ben Arous,1,1279,1900000.0,4.0
Villa,Ben Arous,2,580,1500000.0,7.0
Villa,Ben Arous,2,1014,2400000.0,6.0
Appartement,Ariana,5,374,449500.0,4.0
Villa,Ben Arous,2,1053,1500000.0,5.0
Villa,Ben Arous,2,445,1300000.0,5.0
Villa,Ben Arous,4,735,1150000.0,7.0
Villa,Ben Arous,1,444,550000.0,3.0
Villa,Tunis,2,459,650000.0,4.0
Appartement,Ariana,5,374,449500.0,4.0
Maison,Ben Arous,2,148,370000.0,4.0
Maison,Ben Arous,1,170,370000.0,3.0
Maison,Ben Arous,3,450,580000.0,3.0
Maison,Ben Arous,2,302,370000.0,3.0
Maison,Ben Arous,2,309,650000.0,3.0
Maison,Ben Arous,3,174,400000.0,7.0
Maison,Ben Arous,2,183,680000.0,5.0
Maison,Ben Arous,1,285,550000.0,4.0
Maison,Ben Arous,2,289,620000.0,5.0
Appartement,Ben Arous,3,208,450000.0,7.0
Maison,Ben Arous,3,341,650000.0,6.0
Maison,Ben Arous,5,650,1000000.0,8.0
Maison,Ben Arous,2,201,540000.0,3.0
Appartement,Ariana,5,374,449500.0,4.0
Appartement,Tunis,1,1,205000.0,1.0
Appartement,Ben Arous,5,550,800000.0,12.0
Appartement,Ben Arous,4,206,650000.0,8.0
Appartement,Ben Arous,3,383,550000.0,6.0
Appartement,Ben Arous,1,180,750000.0,1.0
Appartement,Monastir,1,332,410000.0,4.0
Appartement,Bizerte,1,120,65000.0,3.0
Appartement,Ben Arous,1,1000,90000.0,1.0
Appartement,Ben Arous,1,5500,95000.0,1.0
Appartement,Ben Arous,1,78,165000.0,3.0
Appartement,Ben Arous,1,65,145000.0,2.0
Appartement,Nabeul,4,230,930000.0,4.0
Appartement,Ben Arous,1,77,190000.0,2.0
Appartement,Ben Arous,1,75,120000.0,2.0
Appartement,Ben Arous,2,108,290000.0,3.0
Appartement,Ben Arous,1,75,85000.0,2.0
Appartement,Ben Arous,1,80,200000.0,2.0
Appartement,Ben Arous,1,70,190000.0,2.0
Appartement,Ben Arous,1,76,100000.0,2.0
Appartement,Tunis,1,90,200000.0,2.0
Appartement,Tunis,0,150,417499.0,5.0
Appartement,Tunis,2,400,650000.0,6.0
Appartement,Tunis,1,80,355000.0,3.0
Villa,Tunis,2,340,564000.0,6.0
Appartement,Tunis,1,56,190000.0,1.0
Appartement,Tunis,1,123,780000.0,1.0
Appartement,Tunis,1,48,167000.0,1.0
Appartement,Tunis,1,120,255000.0,3.0
Appartement,Tunis,1,54,185000.0,1.0
Appartement,Tunis,2,1,313000.0,2.0
Appartement,Sousse,2,100,255000.0,1.0
Appartement,Tunis,2,172,340000.0,4.0
Appartement,Tunis,1,108,250000.0,2.0
Appartement,Tunis,2,162,358000.0,4.0
Appartement,Nabeul,2,300,750000.0,2.0
Appartement,Nabeul,2,130,390000.0,2.0
Appartement,Ariana,1,87,290000.0,1.0
Villa,Nabeul,3,500,790000.0,3.0
Villa,Nabeul,4,400,1030000.0,4.0
Villa,Ben Arous,1,417,480000.0,4.0
Appartement,Sousse,1,107,210000.0,3.0
Villa,Nabeul,2,1000,650000.0,5.0
Appartement,Sousse,1,101,270000.0,2.0
Appartement,Sousse,1,38,125000.0,1.0
Appartement,Nabeul,1,53,255000.0,1.0
Appartement,Tunis,1,240,355000.0,3.0
Appartement,Ariana,2,162,495000.0,3.0
Maison,Nabeul,1,90,140000.0,2.0
Appartement,Ariana,3,150,450000.0,4.0
Villa,Ariana,2,486,950000.0,6.0
Appartement,Ariana,3,300,1000000.0,5.0
Appartement,Tunis,3,657,2600000.0,8.0
Appartement,Nabeul,3,750,830000.0,4.0
Appartement,Ariana,5,120,38500.0,5.0
Villa,Ariana,2,295,985000.0,4.0
Appartement,Tunis,1,52,296600.0,1.0
Appartement,Tunis,1,135,450000.0,3.0
Maison,Sfax,2,303,350000.0,5.0
Villa,Sousse,2,322,440000.0,3.0
Villa,Sousse,3,449,580000.0,6.0
Appartement,Ariana,2,175,575000.0,3.0
Appartement,Sousse,3,146,390000.0,3.0
Appartement,Sousse,1,77,89000.0,2.0
Appartement,Tunis,1,100,260000.0,2.0
Appartement,Sousse,1,70,170000.0,1.0
Appartement,Sousse,3,107,330000.0,5.0
Appartement,Sousse,1,90,94000.0,2.0
Villa,Ben Arous,6,191,610000.0,9.0
Villa,Tunis,3,587,1800000.0,5.0
Appartement,Tunis,1,95,240000.0,2.0
Appartement,Ariana,2,190,800000.0,4.0
Appartement,Ariana,1,460,500000.0,4.0
Appartement,Ariana,2,149,580000.0,3.0
Villa,Tunis,0,90,150000.0,2.0
Appartement,Tunis,1,64,150000.0,2.0
Appartement,Sousse,1,100,360000.0,2.0
Appartement,Nabeul,0,110,400000.0,2.0
Appartement,Nabeul,0,145,520000.0,3.0
Villa,Ariana,2,500,360.0,7.0
Appartement,Tunis,1,145,265000.0,3.0
Appartement,Sousse,1,75,85000.0,2.0
Appartement,Tunis,0,15,100.0,1.0
Appartement,Ariana,1,117,280000.0,3.0
Villa,Ariana,6,410,950000.0,7.0
Villa,Ariana,1,240,980000.0,4.0
Villa,Ariana,5,2000,790000.0,6.0
Appartement,Ariana,2,139,400000.0,3.0
Appartement,Nabeul,2,150,650000.0,1.0
Maison,Ariana,2,240,440000.0,4.0
Villa,Tunis,4,662,1800.0,8.0
Appartement,Ben Arous,1,110,220000.0,3.0
Appartement,Ben Arous,1,80,125000.0,1.0
Appartement,Ben Arous,2,130,360000.0,1.0
Villa,Ariana,3,420,1200000.0,4.0
Appartement,Ben Arous,1,77,165000.0,2.0
Appartement,Sousse,2,255,430000.0,3.0
Appartement,Ariana,1,120,140000.0,3.0
Appartement,Ariana,2,207,249000.0,4.0
Appartement,Ariana,1,98.48,280000.0,2.0
Maison,Ariana,2,279,470000.0,3.0
Appartement,Ariana,2,135,250000.0,3.0
Maison,Monastir,01,130,230000.0,2.0
Appartement,Monastir,1,75,150000.0,2.0
Villa,Monastir,3,208,315000.0,5.0
Villa,Nabeul,4,320,735000.0,3.0
Appartement,Monastir,1,102,170000.0,2.0
Appartement,Monastir,1,64,125000.0,1.0
Appartement,Monastir,02,105,110000.0,2.0
Villa,Nabeul,4,500,830000.0,2.0
Appartement,Sousse,1,61.5,255000.0,1.0
Appartement,Ariana,1,115,400000.0,3.0
Appartement,Sousse,1,108,280000.0,2.0
Villa,Ariana,4,380,1090000.0,7.0
Appartement,Ariana,2,170,1699.0,2.0
Villa,Nabeul,4,490,1250000.0,4.0
Appartement,Tunis,1,0,900.0,1.0
Appartement,Mahdia,1,70,350000.0,2.0
Appartement,Ben Arous,1,115,170000.0,2.0
Villa,Sousse,1,180,440.0,4.0
Villa,Sfax,2,705,490000.0,2.0
Maison,Mahdia,1,254,240000.0,3.0
Appartement,Bizerte,2,154,350000.0,5.0
Appartement,Sfax,1,84,84000.0,3.0
Appartement,Ariana,2,139,385000.0,3.0
Appartement,Sousse,2,95,223000.0,3.0
Appartement,Sousse,1,50,135000.0,1.0
Appartement,Sousse,1,130,580000.0,2.0
Villa,Ariana,3,281,1180000.0,5.0
Appartement,Ariana,2,168,415000.0,3.0
Appartement,Ariana,1,59,253000.0,1.0
Appartement,Ariana,2,167,395000.0,4.0
Appartement,Ariana,2,119,315000.0,2.0
Appartement,Nabeul,1,59,255000.0,1.0
Villa,Ben Arous,1,200,350000.0,3.0
Appartement,Tunis,1,76,185000.0,1.0
Appartement,Ben Arous,2,121,270000.0,3.0
Appartement,Tunis,1,56,190000.0,1.0
Appartement,Ariana,2,120,180000.0,3.0
Appartement,Tunis,2,120,850.0,2.0
Villa,Tunis,1,185,800000.0,4.0
Appartement,Nabeul,1,116,185000.0,2.0
Appartement,Nabeul,2,500,669999.0,4.0
Villa,Ariana,6,850,2200000.0,8.0
Appartement,Ariana,2,120,334998.0,2.0
Appartement,Tunis,1,90,234000.0,3.0
Villa,Bizerte,2,600,165000.0,4.0
Villa,Nabeul,4,800,1050000.0,4.0
Villa,Nabeul,4,397,1050000.0,4.0
Appartement,Tunis,2,110,11111.0,2.0
Appartement,Bizerte,1,89,200000.0,2.0
Appartement,Ariana,1,117,285000.0,2.0
Villa,Bizerte,2,300,349999.0,3.0
Appartement,Tunis,1,100,240000.0,2.0
Appartement,Bizerte,2,150,65000.0,3.0
Appartement,Tunis,2,132,590000.0,2.0
Appartement,Nabeul,1,77,320000.0,1.0
Appartement,Ben Arous,1,58,108000.0,2.0
Appartement,Ben Arous,1,1,129000.0,1.0
Appartement,Ariana,2,138,330000.0,3.0
Appartement,Ariana,2,115,290000.0,3.0
Appartement,Tunis,2,82,220000.0,3.0
Appartement,Tunis,1,40,180000.0,1.0
Appartement,Ariana,1,50,118000.0,1.0
Villa,Ariana,2,400,900000.0,4.0
Appartement,Ariana,1,40,165000.0,1.0
Appartement,Ariana,2,157,400000.0,4.0
Villa,Ariana,0,1143,1490000.0,5.0
Appartement,Nabeul,2,155,530000.0,3.0
Appartement,Sousse,1,120,360000.0,2.0
Villa,Sousse,3,429,750000.0,3.0
Appartement,Tunis,1,1402,320000.0,3.0
Appartement,Nabeul,1,59,255000.0,1.0
Maison,Tunis,1,336,700000.0,3.0
Villa,Nabeul,4,600,830000.0,4.0
Villa,Nabeul,3,420,760000.0,4.0
Appartement,Tunis,2,238,1000000.0,3.0
Appartement,Ben Arous,2,140,270000.0,3.0
Maison,Tunis,2,178,171000.0,2.0
Villa,Nabeul,4,347,1100000.0,4.0
Appartement,Ariana,1,116,201000.0,1.0
Appartement,Sfax,1,450,170.0,1.0
Appartement,Nabeul,2,185,10.0,6.0
Appartement,Tunis,2,380,355000.0,3.0
Appartement,Tunis,2,100,120000.0,4.0
Appartement,Sfax,1,88,75000.0,3.0
Appartement,Ben Arous,1,1,11111111.0,1.0
Villa,Ben Arous,2,600,668.0,8.0
Villa,Nabeul,4,470,950000.0,4.0
Villa,Sousse,5,450,1150000.0,5.0
Appartement,Tunis,1,138,680000.0,2.0
Appartement,Tunis,2,165,680000.0,3.0
Appartement,Sfax,1,135,275000.0,3.0
Appartement,Ariana,1,162,148.0,3.0
Appartement,Tunis,2,140,260000.0,3.0
Villa,Tunis,3,543,650000.0,4.0
Maison,Tunis,1,572,580000.0,3.0
Appartement,Tunis,2,112,313000.0,2.0
Appartement,Tunis,1,60,205000.0,1.0
Appartement,Tunis,1,85,205000.0,1.0
Appartement,Tunis,2,165,368000.0,3.0
Appartement,Tunis,2,200,460000.0,4.0
Appartement,Tunis,1,68,157000.0,1.0
Villa,Sousse,2,450,950000.0,4.0
Appartement,Sousse,1,90,420000.0,2.0
Appartement,Sousse,1,80,250000.0,2.0
Appartement,Tunis,2,142,313000.0,2.0
Appartement,Ben Arous,1,95,159000.0,3.0
Appartement,Tunis,1,118,290000.0,2.0
Appartement,Tunis,2,195,570000.0,3.0
Appartement,Tunis,2,185,365000.0,4.0
Appartement,Tunis,1,120,290000.0,1.0
Appartement,Tunis,1,72,320000.0,1.0
Appartement,Tunis,2,154,680000.0,2.0
Appartement,Tunis,1,64.9,227000.0,1.0
Villa,Monastir,2,916,680000.0,3.0
Villa,Monastir,3,179,218000.0,3.0
Appartement,Monastir,1,69,148000.0,2.0
Appartement,Tunis,3,190,650000.0,3.0
Appartement,Ben Arous,1,107,175000.0,2.0
Villa,Nabeul,3,234,575000.0,4.0
Maison,Nabeul,1,269,400000.0,3.0
Appartement,Ben Arous,2,40,25000.0,1.0
Appartement,Sousse,1,75,255000.0,1.0
Maison,Sousse,1,128,160000.0,3.0
Appartement,Sousse,2,141,300000.0,2.0
Appartement,Nabeul,2,135,370000.0,3.0
Appartement,Nabeul,1,65,250000.0,1.0
Appartement,Nabeul,1,150,530000.0,3.0
Villa,Nabeul,3,426,1000000.0,3.0
Appartement,Tunis,1,130,285000.0,3.0
Villa,Nabeul,3,347,1100000.0,4.0
Appartement,Sousse,1,78,168.0,2.0
Appartement,Sousse,0,120,350000.0,2.0
Villa,Tunis,2,282,800000.0,4.0
Appartement,Ariana,2,0,1300.0,3.0
Appartement,Tunis,2,129,313000.0,2.0
Appartement,Tunis,2,114,380000.0,2.0
Appartement,Ariana,2,175,400000.0,3.0
Appartement,Sousse,1,110,320000.0,3.0
Appartement,Tunis,1,100,240000.0,2.0
Appartement,Ariana,1,130,365000.0,3.0
Appartement,Ariana,1,71,201000.0,1.0
Appartement,Ariana,2,140,400000.0,3.0
Villa,Sfax,2,2300,1450000.0,3.0
Appartement,Tunis,1,1111,111111111.0,1.0
Appartement,Ariana,1,146,400000.0,3.0
Appartement,Nabeul,1,25,140000.0,1.0
Appartement,Sousse,1,85,145000.0,2.0
Appartement,Nabeul,1,150,130000.0,2.0
Maison,Ariana,2,500,360000.0,5.0
Appartement,Sousse,1,75,270000.0,1.0
Villa,Nabeul,3,660,1470000.0,3.0
Appartement,Sousse,1,82,385000.0,2.0
Maison,Sousse,4,360,549999.0,7.0
Villa,Ben Arous,3,566,495000.0,3.0
Villa,Ariana,2,224,500.0,4.0
Appartement,Ariana,2,115,290000.0,2.0
Appartement,Ben Arous,1,50,85000.0,1.0
Appartement,Nabeul,1,100,170000.0,2.0
Maison,Ben Arous,2,216,375000.0,3.0
Villa,Ben Arous,4,418,790000.0,7.0
Maison,Ben Arous,3,420,590000.0,4.0
Appartement,Tunis,2,120,320000.0,3.0
Appartement,Ben Arous,3,180,319000.0,3.0
Maison,Ben Arous,1,200,325000.0,3.0
Maison,Ben Arous,1,206,360000.0,3.0
Appartement,Ariana,1,50,180000.0,1.0
Villa,Sousse,1,792,1800000.0,3.0
Maison,Ben Arous,1,622,430000.0,3.0
Villa,Ben Arous,3,395,495000.0,3.0
Villa,Ben Arous,2,597,790000.0,3.0
Villa,Sousse,2,387,650000.0,5.0
Appartement,Nabeul,1,65,265000.0,1.0
Maison,Ben Arous,4,185,480000.0,4.0
Maison,Tunis,4,367,700000.0,4.0
Appartement,Nabeul,2,99,250000.0,3.0
Appartement,Ben Arous,1,622,800000.0,3.0
Maison,Tunis,1,101,212000.0,2.0
Appartement,Zaghouan,3,160,600000.0,7.0
Appartement,Sousse,1,116,280000.0,3.0
Villa,Nabeul,04,335,1200000.0,8.0
Appartement,Sousse,1,93,229000.0,2.0
Appartement,Sousse,1,61,255041.0,1.0
Appartement,Sousse,2,85,89000.0,3.0
Appartement,Sousse,1,95,255000.0,2.0
Appartement,Sousse,1,90,249000.0,2.0
Appartement,Sousse,1,80,120000.0,2.0
Appartement,Sousse,2,100,270000.0,4.0
Appartement,Sousse,1,116,280000.0,3.0
Villa,Sousse,3,760,850000.0,6.0
Maison,Sousse,4,365,395000.0,6.0
Appartement,Sousse,2,100,280000.0,2.0
Villa,Sousse,2,458,460000.0,4.0
Appartement,Sousse,1,70,620.0,2.0
Appartement,Sousse,1,80,210000.0,3.0
Appartement,Tunis,2,128,395000.0,2.0
Maison,Tunis,3,378,290000.0,3.0
Maison,Nabeul,1,229,330000.0,4.0
Appartement,Tunis,3,145,550000.0,3.0
Villa,Tunis,3,410,1200000.0,4.0
Appartement,Tunis,2,154,680000.0,2.0
Appartement,Tunis,3,288,980000.0,5.0
Appartement,Tunis,1,70,410000.0,1.0
Appartement,Ben Arous,1,160,360.0,3.0
Appartement,Ariana,2,157,365000.0,3.0
Appartement,Tunis,2,184,460000.0,2.0
Maison,Nabeul,1,180,140000.0,2.0
Appartement,Ben Arous,1,110,180000.0,2.0
Appartement,Ariana,3,120,255000.0,5.0
Appartement,Ben Arous,1,110,180000.0,2.0
Appartement,Nabeul,2,290,210000.0,3.0
Appartement,Ariana,01,91,295.0,2.0
Appartement,Tunis,1,31,100000.0,1.0
Appartement,Ben Arous,3,210,350000.0,4.0
Appartement,Tunis,3,300,365000.0,4.0
Villa,Ben Arous,3,250,6.0,5.0
Appartement,Tunis,1,100,2300.0,3.0
Appartement,Ben Arous,1,100,270000.0,3.0
Villa,Nabeul,2,700,590000.0,3.0
Appartement,Ariana,1,56,105000.0,2.0
Appartement,Tunis,1,98,270000.0,3.0
Appartement,Ariana,1,55,180000.0,1.0
Appartement,Tunis,1,101,270000.0,2.0
Appartement,Ariana,1,80,202000.0,1.0
Villa,Ariana,2,240,950000.0,3.0
Appartement,Sousse,0,100,250000.0,2.0
Maison,Nabeul,2,1200,155000.0,3.0
Villa,Nabeul,4,550,870000.0,3.0
Appartement,Sousse,0,100,250000.0,2.0
Appartement,Ariana,2,157,494997.0,3.0
Appartement,Nabeul,3,140,375000.0,3.0
Villa,Nabeul,3,430,790000.0,4.0
Appartement,Nabeul,1,100,140000.0,1.0
Villa,Nabeul,3,1295,12345660.0,6.0
Appartement,Ariana,1,114,295000.0,2.0
Appartement,Ariana,112,1,255000.0,2.0
Appartement,Ariana,1,75,195.0,2.0
Appartement,Nabeul,4,585,1799999.0,8.0
Villa,Ariana,5,450,750000.0,11.0
Appartement,Ariana,1,69,195000.0,1.0
Appartement,Ariana,3,175,360000.0,4.0
Appartement,Ariana,1,56,247000.0,1.0
Appartement,Ariana,1,40,170000.0,1.0
Appartement,Ariana,1,75,232000.0,1.0
Appartement,Ariana,1,137,451996.0,2.0
Appartement,Sousse,2,100,255.0,2.0
Maison,Tunis,2,95,320000.0,5.0
Appartement,Ariana,2,153,425002.0,2.0
Appartement,Ben Arous,3,176,350000.0,3.0
Appartement,Tunis,2,187,850000.0,3.0
Appartement,Tunis,1,80,325000.0,2.0
Appartement,Ariana,1,84,320000.0,1.0
Appartement,Tunis,2,184,700000.0,3.0
Appartement,Tunis,1,50,1599.0,1.0
Maison,Sousse,1,4000,430000.0,1.0
Appartement,Sousse,1,103,285000.0,2.0
Villa,Sousse,2,337,450000.0,3.0
Appartement,Tunis,1,125,270000.0,3.0
Appartement,Sousse,1,145,520000.0,2.0
Appartement,Ben Arous,1,85,165000.0,3.0
Appartement,Nabeul,1,106,392200.0,2.0
Villa,Ariana,6,150,1045000.0,8.0
Appartement,Ben Arous,1,818,1500000.0,3.0
Appartement,Tunis,1,76,275000.0,2.0
Maison,Nabeul,1,113,190000.0,3.0
Appartement,Nabeul,1,155,230000.0,2.0
Appartement,Ben Arous,2,320,380000.0,5.0
Appartement,Ben Arous,1,100,450.0,2.0
Appartement,Ariana,1,53,140000.0,1.0
Maison,Nabeul,4,600,240000.0,6.0
Appartement,Bizerte,0,126,370000.0,2.0
Appartement,Tunis,1,55,180000.0,1.0
Villa,Bizerte,2,55,11.0,5.0
Villa,Bizerte,2,2000,2200000.0,6.0
Appartement,Tunis,1,55,180000.0,1.0
Appartement,Ben Arous,2,381,580000.0,5.0
Villa,Ariana,2,391,849000.0,4.0
Appartement,Ariana,3,222,770000.0,5.0
Appartement,Ariana,0,1000,400000.0,3.0
Villa,Sousse,3,685,510000.0,4.0
Appartement,Nabeul,1,122,384200.0,2.0
Appartement,Ariana,3,200,560000.0,3.0
Villa,Ariana,5,402,890000.0,8.0
Appartement,Ariana,2,140,400000.0,3.0
Villa,Ariana,1,220,660000.0,4.0
Villa,Nabeul,4,320,990000.0,4.0
Villa,Nabeul,4,620,720000.0,4.0
Maison,Nabeul,1,150,130000.0,2.0
Appartement,Tunis,1,60,165000.0,1.0
Appartement,Tunis,2,172,340000.0,4.0
Appartement,Sousse,1,0,171000.0,1.0
Appartement,Ben Arous,1,65,95000.0,1.0
Villa,Sousse,2,0,510000.0,4.0
Appartement,Tunis,2,172,340000.0,4.0
Appartement,Sousse,0,0,200000.0,0.0
Appartement,Sousse,0,60,102000.0,1.0
Appartement,Tunis,1,53,165000.0,1.0
Maison,Sousse,1,1100,300000.0,3.0
Appartement,Ben Arous,1,79,135000.0,2.0
Appartement,Tunis,1,90.40,313000.0,2.0
Appartement,Ben Arous,1,100,60.0,1.0
Appartement,Tunis,2,140,320000.0,3.0
Appartement,Tunis,1,95,210000.0,2.0
Villa,Ben Arous,4,1014,2400000.0,6.0
Appartement,Tunis,1,53,145000.0,2.0
Appartement,Nabeul,0,55.09,250000.0,1.0
Appartement,Tunis,1,68,1000.0,1.0
Appartement,Tunis,0,18,58000.0,1.0
Appartement,Tunis,2,140,360000.0,3.0
Appartement,Tunis,1,93,380000.0,2.0
Appartement,Tunis,2,194,880000.0,3.0
Appartement,Tunis,4,260,880000.0,6.0
Villa,Ariana,4,227,950000.0,5.0
Villa,Ariana,0,300,980000.0,4.0
Appartement,Tunis,0,386,262999.0,0.0
Appartement,Tunis,2,185,440000.0,3.0
Villa,Ariana,5,1900,4.0,8.0
Villa,Ariana,0,1500,1400000.0,0.0
Appartement,Tunis,0,145,295000.0,3.0
Villa,Ben Arous,0,524,650000.0,3.0
Appartement,Tunis,2,145,280000.0,3.0
Appartement,Tunis,2,145,280000.0,3.0
Maison,Ben Arous,1,112,98000.0,2.0
Appartement,La Manouba,1,115,229000.0,3.0
Appartement,La Manouba,2,162,375000.0,3.0
Appartement,La Manouba,1,103,225000.0,2.0
Appartement,Tunis,2,208,1300000.0,3.0
Maison,Ben Arous,2,120,650000.0,5.0
Appartement,Tunis,4,275,417499.0,5.0
Villa,Tunis,6,600,1800000000.0,8.0
Villa,Ariana,4,2200,2600000.0,5.0
Appartement,Tunis,4,300,980000.0,4.0
Appartement,Tunis,1,90,245000.0,2.0
Appartement,Ariana,2,147,345000.0,1.0
Appartement,Ariana,0,216,400000.0,3.0
Maison,Tunis,4,60,270000.0,5.0
Appartement,Ariana,02,120,340.0,2.0
Appartement,Sousse,1,60,180000.0,1.0
Villa,Sousse,3,170,540000.0,4.0
Appartement,Sousse,1,200,399999.0,2.0
Appartement,Sousse,1,67,165000.0,2.0
Maison,Tunis,3,260,320000.0,5.0
Appartement,Ariana,3,205,600000.0,4.0
Appartement,Tunis,1,109,215000.0,2.0
Appartement,Tunis,1,109,210000.0,2.0
Appartement,Ariana,2,120,175000.0,2.0
Maison,Sousse,2,176,185000.0,2.0
Villa,Sousse,5,400,1350000.0,7.0
Appartement,Sousse,1,134,250000.0,3.0
Villa,Sousse,3,310,880000.0,4.0
Appartement,Sousse,1,145,185000.0,1.0
Appartement,Sousse,1,65,200000.0,1.0
Appartement,Sousse,7,319,720000.0,10.0
Appartement,Tunis,1,97,215000.0,2.0
Appartement,Tunis,2,150,408000.0,3.0
Appartement,Tunis,1,109,215000.0,2.0
Villa,Sousse,3,9000,1450000.0,5.0
Villa,Sousse,2,400,435000.0,2.0
Villa,Tunis,2,463,749000.0,6.0
Appartement,Tunis,2,147.6,370000.0,3.0
Appartement,Tunis,1,64,205000.0,1.0
Appartement,Tunis,5,55,180000.0,1.0
Appartement,Mahdia,1,75.4,259000.0,2.0
Appartement,Mahdia,1,35,105000.0,1.0
Appartement,Mahdia,1,101.3,374000.0,2.0
Appartement,Tunis,1,150,350000.0,3.0
Appartement,Tunis,1,182,445000.0,3.0
Appartement,Tunis,2,150,550000.0,6.0
Appartement,Tunis,1,71,3500.0,2.0
Appartement,Tunis,1,98,270000.0,3.0
Appartement,Tunis,2,132,320000.0,3.0
Appartement,Tunis,1,140,355000.0,3.0
Appartement,Nabeul,2,230,660000.0,4.0
Villa,Sfax,3,920,843000.0,4.0
Appartement,Tunis,1,60,164999.0,1.0
Villa,Sfax,3,700,600000.0,4.0
Appartement,Sfax,0,80,120000.0,1.0
Appartement,Tunis,1,1280,4500000.0,2.0
Villa,Ben Arous,1,200,480000.0,3.0
Appartement,Ben Arous,1,98,197000.0,2.0
Appartement,Ben Arous,2,199,420000.0,4.0
Appartement,Ben Arous,3,132,325000.0,4.0
Appartement,Sousse,1,73,250000.0,1.0
Appartement,La Manouba,2,180,330000.0,4.0
Villa,Ben Arous,3,270,530000.0,4.0
Appartement,Ben Arous,2,152,300000.0,3.0
Appartement,Sousse,2,118,326000.0,2.0
Appartement,Tunis,2,127,620000.0,2.0
Appartement,Sousse,1,97,250000.0,1.0
Appartement,Tunis,3,195.5,365000.0,4.0
Appartement,Tunis,1,120,290000.0,2.0
Appartement,Sfax,1,281,365000.0,3.0
Appartement,Sousse,1,114,310000.0,3.0
Villa,Nabeul,2,440,845000.0,4.0
Appartement,Tunis,1,127,465000.0,2.0
Appartement,Tunis,1,107,319000.0,1.0
Appartement,Tunis,1,71,260000.0,1.0
Appartement,Ariana,1,99,401000.0,2.0
Villa,Tunis,3,464,1400000.0,3.0
Appartement,Tunis,1,125,363000.0,1.0
Appartement,Ariana,0,129,410000.0,1.0
Appartement,Ariana,1,77,312000.0,1.0
Appartement,Tunis,0,50,195000.0,1.0
Villa,Ariana,2,300,970000.0,5.0
Appartement,Tunis,0,70,220000.0,1.0
Appartement,Tunis,0,266,679000.0,3.0
Appartement,Tunis,0,59,205000.0,1.0
Appartement,Ariana,0,165,490000.0,3.0
Appartement,Tunis,2,178,470000.0,3.0
Appartement,La Manouba,2,118,242500.0,2.0
Villa,Ben Arous,2,477,680000.0,4.0
Villa,Ben Arous,3,169,480000.0,6.0
Appartement,Tunis,1,94,240000.0,2.0
Villa,Ariana,2,155,1900.0,3.0
Villa,Ben Arous,2,189,490000.0,5.0
Appartement,Ariana,1,300,870000.0,3.0
Appartement,Tunis,1,67,227000.0,1.0
Appartement,Tunis,0,59,234000.0,1.0
Appartement,Tunis,0,59,237500.0,1.0
Appartement,Tunis,0,85,313000.0,2.0
Villa,Ben Arous,3,444,480000.0,4.0
Appartement,Ben Arous,1,53,180000.0,1.0
Appartement,Tunis,1,154,420000.0,2.0
Appartement,Tunis,0,155,294998.0,3.0
Appartement,Ben Arous,1,60,80000.0,1.0
Appartement,Tunis,2,119,313000.0,2.0
Villa,Ariana,2,539,900000.0,6.0
Appartement,Ben Arous,1,104,165000.0,2.0
Villa,Ariana,5,380,980000.0,4.0
Appartement,Ariana,0,140,640000.0,3.0
Appartement,Ben Arous,1,16,40000.0,1.0
Appartement,Ben Arous,1,92,220000.0,2.0
Appartement,Ben Arous,2,153,255000.0,2.0
Appartement,Ben Arous,2,117,165000.0,2.0
Appartement,Ben Arous,1,104,165000.0,2.0
Appartement,Sfax,1,94,207000.0,2.0
Appartement,Ben Arous,1,75,94999.0,2.0
Appartement,Tunis,2,111,355000.0,3.0
Appartement,Ben Arous,1,100,115000.0,2.0
Villa,Ben Arous,3,460,450000.0,6.0
Appartement,Ariana,12,3800,6500000.0,5.0
Appartement,Ben Arous,12,12900,11000001.0,5.0
Appartement,Ben Arous,12,3500,5500000.0,3.0
Villa,Ariana,4,600,595000.0,4.0
Appartement,Ben Arous,2,156,270000.0,3.0
Villa,Nabeul,2,500,650000.0,5.0
Villa,Ben Arous,2,420,360000.0,10.0
Appartement,Ariana,1,50,120000.0,1.0
Appartement,Monastir,1,91,258000.0,2.0
Appartement,Monastir,1,66,185000.0,2.0
Maison,Monastir,2,490,218000.0,2.0
Appartement,Monastir,1,48,152000.0,1.0
Appartement,Monastir,2,132,338000.0,3.0
Villa,Sousse,7,970,3450000.0,6.0
Appartement,Ariana,1,2,201000.0,1.0
Appartement,Tunis,2,165,330000.0,4.0
Appartement,Tunis,0,12,45000.0,1.0
Maison,Ariana,2,90,360000.0,6.0
Appartement,Tunis,3,150,370000.0,3.0
Appartement,Tunis,1,100,125000.0,2.0
Villa,Nabeul,5,300,905000.0,4.0
Villa,Sfax,2,829,850000.0,3.0
Appartement,Sfax,1,1796,735000.0,3.0
Appartement,Tunis,1,105,95000.0,3.0
Appartement,Ariana,2,138,330000.0,3.0
Maison,Tataouine,3,500,700.0,7.0
Villa,Ariana,1,318,200000000.0,2.0
Appartement,Bizerte,1,124,58.0,4.0
Appartement,La Manouba,2,125,230000.0,3.0
Appartement,Ariana,2,138,330000.0,3.0
Appartement,Ben Arous,0,107,260000.0,2.0
Appartement,Tunis,01,40,76000.0,2.0
Appartement,Sfax,1,134,241500.0,2.0
Villa,Ariana,1,420,1111.0,5.0
Maison,Tunis,3,420,1111.0,9.0
Maison,Tunis,1,70,80000.0,4.0
Appartement,Sousse,2,273,370000.0,6.0
Appartement,Tunis,1,110,250000.0,3.0
Appartement,Tunis,1,1135,205000.0,1.0
Appartement,Tunis,1,43,210.0,2.0
Appartement,Sfax,4,520,1300000.0,12.0
Appartement,Tunis,2,130,380.0,3.0
Maison,Ben Arous,3,120,650000.0,5.0
Appartement,Monastir,1,230,110000.0,3.0
Appartement,Monastir,2,210,130000.0,5.0
Appartement,Sfax,02,128,245000.0,2.0
Appartement,Nabeul,1,120,235000.0,2.0
Appartement,Ben Arous,4,300,800.0,12.0
Villa,Nabeul,2,506,740000.0,4.0
Appartement,Nabeul,1,75,300000.0,1.0
Villa,Ariana,1,400,450000.0,5.0
Appartement,Ariana,1,129.5,330.0,2.0
Appartement,Tunis,1,101,200000.0,4.0
Villa,Ariana,3,652,1200000.0,8.0
Maison,Nabeul,3,350,200000.0,6.0
Villa,Ariana,2,306,950000.0,7.0
Appartement,Kairouan,0,139,115.0,0.0
Appartement,Ariana,3,162,640000.0,3.0
Appartement,Ariana,3,165,495000.0,3.0
Villa,Ben Arous,4,600,490000.0,5.0
Appartement,Nabeul,0,99,80.0,3.0
Appartement,Ben Arous,1,65,155000.0,1.0
Appartement,Ariana,1,60,298999.0,1.0
Villa,Ariana,4,514,1289998.0,4.0
Appartement,Ariana,2,118,420000.0,2.0
Villa,Tunis,4,510,1100000.0,8.0
Appartement,Ariana,1,50,159998.0,1.0
Villa,Tunis,2,467,1550000.0,6.0
Appartement,Ariana,1,58,199999.0,0.0
Appartement,Ariana,2,100,250000.0,2.0
Appartement,Ariana,3,195,449000.0,4.0
Appartement,Ariana,2,210,650000.0,4.0
Appartement,Ariana,2,190,810000.0,3.0
Appartement,Ariana,2,214,635000.0,3.0
Appartement,Tunis,3,247,820000.0,4.0
Villa,Ariana,2,227,970000.0,4.0
Appartement,Ariana,2,228,650000.0,3.0
Appartement,Tunis,1,57,210000.0,0.0
Appartement,Sousse,0,1,189000.0,2.0
Appartement,Ariana,2,188,830000.0,3.0
Villa,Tunis,2,510,1550000.0,4.0
Appartement,Ariana,2,228,650000.0,3.0
Villa,Nabeul,2,380,980000.0,4.0
Appartement,Ben Arous,2,120,270000.0,3.0
Appartement,Tunis,1,100,250000.0,2.0
Appartement,Sousse,1,75,110000.0,2.0
Maison,Nabeul,0,275,650000.0,0.0
Appartement,Ben Arous,1,135,235000.0,3.0
Appartement,Ben Arous,1,100,198000.0,1.0
Appartement,Tunis,1,95,150000.0,2.0
Appartement,Ariana,1,125,389000.0,1.0
Appartement,Ben Arous,1,116,1200.0,2.0
Villa,Nabeul,2,316,950000.0,3.0
Appartement,Tunis,1,96,350000.0,3.0
Appartement,Ariana,1,100,332499.0,2.0
Maison,Sousse,2,250,295000.0,4.0
Appartement,Nabeul,1,80,169000.0,2.0
Appartement,Ariana,0,0,2500.0,0.0
Villa,Nabeul,3,245,670000.0,3.0
Appartement,Tunis,1,120,220000.0,5.0
Appartement,Tunis,1,150,340000.0,3.0
Villa,Nabeul,3,300,890000.0,4.0
Maison,Ariana,2,480,440000.0,4.0
Villa,Tunis,1,120,120000.0,5.0
Appartement,Tunis,1,70,65000.0,2.0
Villa,Nabeul,2,700,735000.0,3.0
Appartement,Nabeul,1,60,240000.0,1.0
Villa,Tunis,4,300,500000.0,4.0
Appartement,La Manouba,1,100,260000.0,2.0
Appartement,La Manouba,1,120,280000.0,2.0
Appartement,La Manouba,1,90,180000.0,2.0
Maison,Sousse,2,112,230000.0,6.0
Appartement,Sousse,1,97,382180.0,2.0
Appartement,Sousse,1,226,490000.0,3.0
Villa,Sousse,3,230,480000.0,4.0
Appartement,Sousse,2,133,526000.0,3.0
Maison,Sousse,2,203,219000.0,5.0
Appartement,Sousse,1,126,300000.0,2.0
Appartement,Tunis,2,98,250000.0,2.0
Appartement,Tunis,2,154,370000.0,3.0
Appartement,Tunis,1,100,280000.0,4.0
Appartement,Tunis,0,132,313000.0,2.0
Appartement,Ben Arous,1,85,210000.0,1.0
Appartement,Ben Arous,1,160,198000.0,2.0
Appartement,Nabeul,1,75,72000.0,1.0
Appartement,Sousse,1,100,600.0,3.0
Maison,Nabeul,1,280,380.0,5.0
Appartement,Tunis,1,58,195.0,1.0
Villa,Sousse,2,1220,1400000.0,7.0
Villa,Sousse,5,309,700000.0,7.0
Appartement,Nabeul,1,100,361499.5,2.0
Appartement,Nabeul,1,100,195000.0,2.0
Appartement,Tunis,2,138,280000.0,3.0
Appartement,Sousse,1,163,310000.0,2.0
Appartement,Sousse,1,163,310000.0,2.0
Villa,Béja,2,270,320.0,6.0
Appartement,Tunis,1,72,320000.0,1.0
Appartement,Ariana,1,84,290000.0,2.0
Appartement,Nabeul,1,93,361499.5,2.0
Appartement,Tunis,2,160,480000.0,3.0
Appartement,Tunis,2,120,335000.0,2.0
Maison,Tunis,3,260,320000.0,5.0
Appartement,Tunis,2,147.6,370000.0,3.0
Villa,Bizerte,2,400,679999.0,3.0
Appartement,Ariana,2,146,340000.0,3.0
Appartement,Sousse,2,85,300000.0,2.0
Appartement,Ariana,1,97,285000.0,2.0
Appartement,Nabeul,1,100,140000.0,1.0
Appartement,Tunis,2,145,280000.0,3.0
Appartement,Tunis,1,107,255000.0,2.0
Appartement,Tunis,2,140,320000.0,3.0
Appartement,Tunis,2,145,280000.0,3.0
Appartement,Tunis,1,109,215000.0,2.0
Appartement,Sousse,1,105,373000.0,2.0
Appartement,Sousse,2,71,210000.0,5.0
Appartement,Sousse,1,82,180000.0,2.0
Appartement,Ariana,1,1,4200.0,1.0
Appartement,Nabeul,3,200,361499.5,2.0
Villa,Tunis,5,800,849500.0,6.0
Appartement,Tunis,1,127,400000.0,2.0
Villa,Ariana,3,380,989999.0,4.0
Appartement,Tunis,7,150,449998.0,5.0
Appartement,Ariana,2,113,335000.0,2.0
Appartement,Tunis,1,55,184997.0,1.0
Maison,Ben Arous,1,100,130000.0,4.0
Appartement,Nabeul,1,100,220000.0,2.0
Appartement,Sousse,1,138,187000.0,4.0
Maison,Monastir,2,173,620.0,3.0
Appartement,Nabeul,1,300,361499.5,2.0
Appartement,Nabeul,1,68,277000.0,1.0
Appartement,Tunis,1,80,250000.0,2.0
Appartement,Nabeul,2,500,235000.0,3.0
Appartement,Mahdia,01,96,276000.0,2.0
Villa,Nabeul,2,535,910.0,4.0
Appartement,Sousse,1,94,218000.0,2.0
Villa,Sousse,3,640,1900000.0,6.0
Appartement,Sousse,1,39,165000.0,1.0
Appartement,Sfax,1,000,1900.0,1.0
Appartement,Ben Arous,1,114,170.0,2.0
Villa,Ben Arous,3,436,790000.0,7.0
Maison,Nabeul,3,280,1350000.0,6.0
Appartement,Sousse,2,140,359600.0,3.0
Appartement,Nabeul,1,74,270000.0,1.0
Maison,Sousse,1,140,155000.0,2.0
Appartement,Sousse,1,143,380000.0,3.0
Villa,Nabeul,2,700,590000.0,3.0
Maison,Nabeul,2,120,170000.0,3.0
Maison,Nabeul,2,740,350000.0,3.0
Appartement,Nabeul,1,70,270000.0,1.0
Appartement,Ben Arous,2,81,255000.0,2.0
Appartement,Ariana,1,40,120000.0,1.0
Appartement,Ben Arous,1,80,165000.0,2.0
Appartement,Tunis,1,35,313000.0,2.0
Villa,Tunis,3,241,550000.0,6.0
Appartement,Nabeul,0,153,384997.0,3.0
Villa,Nabeul,0,280,724999.0,4.0
Villa,Nabeul,2,269,620000.0,3.0
Villa,Nabeul,0,364,1380000.0,4.0
Appartement,Nabeul,0,190,510000.0,3.0
Appartement,Nabeul,0,140,400000.0,2.0
Villa,Ariana,2,280,590000.0,4.0
Appartement,Tunis,2,214,550000.0,4.0
Villa,Monastir,3,1200,4200000000.0,8.0
Appartement,Tunis,1,120,335000.0,2.0
Appartement,Ariana,2,124,348000.0,2.0
Appartement,Ariana,3,170,595000.0,4.0
Appartement,Nabeul,1,97,400000.0,2.0
Villa,Sousse,1,600,850000.0,6.0
Villa,Nabeul,2,220,650000.0,4.0
Appartement,Sfax,2,116,250000.0,3.0
Maison,Ben Arous,2,500,990000.0,6.0
Appartement,Sousse,1,169,310.0,3.0
Appartement,Sousse,1,63,210.0,1.0
Maison,Ariana,2,350,360000.0,6.0
Maison,Ben Arous,1,135,120000.0,4.0
Appartement,Ariana,1,100,1500.0,2.0
Appartement,Tunis,1,80,105000.0,2.0
Appartement,Ben Arous,1,100,100.0,2.0
Villa,Sousse,3,1200,2500000.0,6.0
Appartement,Tunis,1,100,215000.0,3.0
Villa,Nabeul,1,500,300000.0,2.0
Appartement,Sousse,1,75,225000.0,3.0
Appartement,Sousse,1,97,420000.0,3.0
Appartement,Ariana,1,250,120.0,1.0
Villa,Ariana,2,319,450000.0,4.0
Appartement,Sousse,2,120,1900.0,2.0
Appartement,Sousse,1,1750,210000.0,1.0
Appartement,Nabeul,1,101,330000.0,3.0
Appartement,Sfax,1,140,750.0,1.0
Appartement,Tunis,1,93,110000.0,4.0
Appartement,Ben Arous,1,82,120000.0,3.0
Appartement,Tunis,1,128,240000.0,2.0
Appartement,Mahdia,1,82.11,243000.0,1.0
Appartement,Ben Arous,2,140,175000.0,4.0
Appartement,Ariana,1,134,320000.0,2.0
Appartement,Nabeul,2,98,400000.0,1.0
Appartement,Tunis,1,150,3500.0,4.0
Appartement,Tunis,1,80,250000.0,2.0
Appartement,Ben Arous,1,90,130000.0,2.0
Appartement,Ariana,3,300,638999.0,3.0
Appartement,Ariana,4,280,800000.0,6.0
Appartement,Ariana,1,109,230000.0,2.0
Appartement,Ariana,1,55,179000.0,2.0
Appartement,Tunis,2,109,724000.0,2.0
Appartement,Ariana,1,60,190000.0,1.0
Appartement,Tunis,1,65,227000.0,1.0
Maison,Nabeul,3,90,250.0,4.0
Villa,Sfax,2,800,450000.0,9.0
Appartement,Mahdia,1,83,170.0,2.0
Appartement,Ariana,1,40,185000.0,1.0
Maison,Nabeul,2,255,95000.0,3.0
Appartement,Ariana,2,150,450000.0,2.0
Appartement,Mahdia,1,120,240000.0,3.0
Appartement,Monastir,1,75.4,259000.0,2.0
Appartement,Mahdia,1,157,240000.0,3.0
Appartement,Nabeul,1,230,185000.0,4.0
Villa,Ariana,3,550,790000.0,6.0
Appartement,Monastir,1,145,198000.0,3.0
Appartement,Sfax,1,1,100000000.0,1.0
Appartement,Tunis,1,100,355000.0,3.0
Appartement,Nabeul,1,95,1100.0,2.0
Villa,Ariana,2,545,780000.0,4.0
Villa,Nabeul,2,1000,650000.0,7.0
Maison,Nabeul,1,269,400000.0,3.0
Appartement,Nabeul,2,117,520000.0,3.0
Appartement,Sousse,1,100,165000.0,2.0
Appartement,Tunis,1,300,260000.0,2.0
Maison,Nabeul,2,230,180000.0,3.0
Appartement,Nabeul,2,290,210000.0,2.0
Maison,Tunis,1,140,220000.0,4.0
Appartement,Tunis,1,132,320000.0,3.0
Appartement,Nabeul,1,117.76,361499.5,2.0
Appartement,Sousse,0,71,350000.0,1.0
Villa,Nabeul,2,700,580000.0,3.0
Villa,Ben Arous,4,277,1233.0,12.0
Maison,Ben Arous,2,256,425000.0,4.0
Appartement,Ben Arous,2,116,260000.0,2.0
Villa,Ben Arous,2,363,545000.0,4.0
Appartement,Ben Arous,1,156,270000.0,3.0
Appartement,Ben Arous,1,79,135000.0,2.0
Appartement,Tunis,1,85,400000.0,1.0
Appartement,Ariana,1,100,120.0,4.0
Villa,Sousse,4,404,680000.0,6.0
Appartement,Sousse,7,250,1250000.0,7.0
Appartement,Ben Arous,1,67,140000.0,2.0
Appartement,Ben Arous,2,168,440000.0,4.0
Appartement,Ben Arous,1,85,150000.0,2.0
Appartement,Ben Arous,1,75,160000.0,2.0
Villa,Ben Arous,4,410,700000.0,5.0
Appartement,Ben Arous,2,136,255000.0,3.0
Appartement,Ben Arous,1,72,110000.0,2.0
Villa,Ben Arous,1,373,540000.0,4.0
Appartement,Sousse,0,110,265000.0,2.0
Appartement,Sousse,0,80,282000.0,2.0
Villa,Ben Arous,1,373,540000.0,4.0
Appartement,Sousse,0,110,265000.0,2.0
Appartement,Sousse,0,80,282000.0,2.0
Appartement,Ben Arous,1,70,120000.0,2.0
Appartement,Ariana,1,70,185000.0,2.0
Appartement,Tunis,3,200,680000.0,5.0
Appartement,Tunis,2,150,549999.0,6.0
Appartement,Nabeul,1,114,400000.0,2.0
Appartement,Tunis,1,55,179998.0,1.0
Appartement,Ariana,1,73,200000.0,1.0
Appartement,Tunis,1,117,3500.0,2.0
Villa,Sousse,0,260,470000.0,3.0
Villa,Jendouba,1,802,550000.0,3.0
Villa,Ariana,2,420,980000.0,4.0
Villa,Ariana,2,420,980000.0,4.0
Villa,Ariana,2,420,980000.0,4.0
Villa,Ariana,2,420,980000.0,4.0
Villa,Ariana,2,420,980000.0,4.0
Villa,Ariana,2,420,980000.0,4.0
Villa,Ariana,2,420,980000.0,4.0
Villa,Ariana,2,420,980000.0,4.0
Villa,Ariana,2,420,980000.0,4.0
Villa,Ariana,2,420,980000.0,4.0
Villa,Ariana,2,420,980000.0,4.0
Maison,Nabeul,2,500,180000.0,3.0
Appartement,Tunis,1,112,530000.0,2.0
Appartement,Ben Arous,2,312,240000.0,4.0
Appartement,Ben Arous,2,102,250000.0,2.0
Appartement,Sfax,3,171,360.0,4.0
Appartement,La Manouba,1,112,225000.0,3.0
Appartement,Ben Arous,1,59,80000.0,1.0
Appartement,Ben Arous,2,121,270000.0,3.0
Appartement,Tunis,1,92,260000.0,2.0
Appartement,Nabeul,2,114,400000.0,2.0
Appartement,Ben Arous,2,115,170000.0,3.0
Appartement,Nabeul,2,130,470000.0,2.0
Appartement,Tunis,2,103,400000.0,2.0
Appartement,Sousse,1,76,229500.0,2.0
Appartement,Nabeul,2,105,370000.0,3.0
Villa,Nabeul,3,400,905000.0,4.0
Villa,Nabeul,4,329,1100000.0,3.0
Appartement,Ariana,2,148,385000.0,2.0
Villa,Ben Arous,4,562,830000.0,8.0
Appartement,Ben Arous,1,105,294999.0,2.0
Appartement,Tunis,1,70,245000.0,1.0
Appartement,Ariana,1,57,206000.0,1.0
Villa,Ariana,0,457,950000.0,3.0
Villa,Ariana,3,400,980000.0,4.0
Appartement,Ariana,3,182,385000.0,3.0
Villa,Sfax,3,1680,800000.0,3.0
Appartement,Sousse,2,113,392000.0,2.0
Appartement,Ariana,3,300,850000.0,5.0
Appartement,Ben Arous,1,10000,548.0,1.0
Appartement,Tunis,1,400,3500000.0,1.0
Appartement,Sousse,3,145,389999.0,3.0
Appartement,Tunis,2.5,141,1400.0,3.0
Appartement,Tunis,1,116,280000.0,2.0
Appartement,Tunis,1,132.5,550000.0,2.0
Appartement,Tunis,1,209,430000.0,1.0
Villa,Ben Arous,1,500,990000.0,1.0
Appartement,Tunis,1,120,370000.0,2.0
Appartement,Ariana,1,169,480000.0,1.0
Villa,Ben Arous,1,420,1100000.0,3.0
Appartement,Tunis,1,110,200000.0,3.0
Appartement,Tunis,1,1,180000.0,2.0
Appartement,Ariana,1,183,400000.0,3.0
Appartement,Tunis,1,236,365000.0,4.0
Appartement,Ariana,1,170,320000.0,3.0
Maison,Tunis,1,120,130000.0,2.0
Appartement,Sfax,1,600,950000.0,1.0
Appartement,Tunis,1,456,8000.0,2.0
Appartement,Tunis,1,103,572000.0,2.0
Maison,Bizerte,1,110,165000.0,4.0
Appartement,Tunis,1,330,280000.0,1.0
Appartement,Tunis,1,312,205000.0,1.0
Appartement,Tunis,1,1,395000.0,4.0
Appartement,Ariana,1,129,495000.0,4.0
Appartement,Tunis,1,172,750000.0,3.0
Villa,Ariana,1,426,790000.0,4.0
Appartement,Tunis,1,100.5,558000.0,2.0
Villa,Tunis,2,244,1200000.0,5.0
Appartement,Tunis,1,289,355000.0,3.0
Maison,Ariana,1,466,480000.0,3.0
Appartement,Tunis,1,87,330000.0,1.0
Appartement,Tunis,2,90,280000.0,3.0
Villa,Tunis,3,374,1200000.0,3.0
Appartement,Tunis,1,140,640000.0,1.0
Appartement,Tunis,1,140,640000.0,2.0
Appartement,Ariana,1,300,850000.0,3.0
Villa,Bizerte,1,7000,1200000.0,2.0
Villa,Nabeul,1,1200,1350000.0,3.0
Appartement,Tunis,1,73,210000.0,0.0
Appartement,Tunis,1,172,750000.0,2.0
Villa,Ariana,1,200,420000.0,3.0
Appartement,Tunis,1,400,3500000.0,3.0
Appartement,Nabeul,1,85,130000.0,2.0
Maison,Ariana,1,466,480000.0,4.0
Appartement,Ariana,1,1,280000.0,1.0
Villa,Ariana,1,400,780000.0,5.0
Appartement,Tunis,1,166,390000.0,2.0
Appartement,Nabeul,1,64,255000.0,1.0
Appartement,Tunis,1,180,550000.0,3.0
Appartement,Tunis,1,72,320000.0,4.0
Villa,Tunis,4,649,1180000.0,9.0
Appartement,Tunis,2,70,120000.0,2.0
Appartement,Ariana,1,143,400000.0,3.0
Appartement,Ariana,1,105,210000.0,2.0
Appartement,Ben Arous,2,173,190000.0,0.0
Appartement,Ariana,1,39,201000.0,1.0
Appartement,Tunis,2,128,395000.0,2.0
Appartement,Ariana,1,55,165000.0,1.0
Appartement,Ariana,1,38,165000.0,1.0
Appartement,Tunis,2,143,1500.0,3.0
Appartement,Ariana,1,100,220000.0,3.0
Maison,Tunis,1,143,290000.0,3.0
Villa,Nabeul,1,169,210000.0,3.0
Appartement,Tunis,2,129,365000.0,4.0
Appartement,Ben Arous,2,297,320000.0,3.0
Appartement,Ben Arous,2,320,680000.0,3.0
Appartement,Ben Arous,1,117,200000.0,3.0
Appartement,Ben Arous,2,104,250000.0,3.0
Appartement,Ben Arous,1,98,210000.0,3.0
Appartement,Tunis,1,110,1499999.0,1.0
Appartement,Ariana,1,60,275000.0,2.0
Appartement,Ariana,1,200,400000.0,3.0
Maison,Ariana,1,612,1300000.0,3.0
Appartement,Tunis,2,100,4800000.0,1.0
Appartement,Nabeul,2,130,520000.0,2.0
Appartement,Tunis,1,140,1099.0,3.0
Appartement,Sfax,1,80,75000.0,3.0
Appartement,Tunis,1,81,200000.0,3.0
Appartement,Tunis,2,238,1200000.0,3.0
Villa,Ben Arous,2,125,250000.0,6.0
Appartement,Tunis,0,0,262999.0,0.0
Maison,Tunis,3,100,450000.0,6.0
Appartement,Sfax,1,327,115180.0,4.0
Maison,Sousse,5,400,560000.0,6.0
Appartement,Tunis,2,80,420000.0,3.0
Appartement,Sfax,1,22.5,230000.0,4.0
Maison,Sfax,1,512,450000.0,3.0
Appartement,Ariana,1,50,155000.0,2.0
Appartement,Ariana,1,88,240000.0,2.0
Appartement,Ariana,0,122,250000.0,3.0
Appartement,Ariana,1,100,201000.0,1.0
Appartement,Tunis,1,100,205000.0,1.0
Appartement,Ariana,1,100,201000.0,1.0
Villa,Tunis,4,500,1920000.0,3.0
Villa,Tunis,4,590,1350000.0,5.0
Villa,La Manouba,3,518,1290.0,4.0
Appartement,Ariana,2,165,390000.0,3.0
Villa,Tunis,3,350,850000.0,4.0
Appartement,Ariana,2,200,510000.0,4.0
Villa,Ariana,4,575,980000.0,4.0
Appartement,Sousse,2,151,480000.0,3.0
Appartement,Sousse,1,108,283500.0,2.0
Appartement,Sousse,1,133,525350.0,3.0
Appartement,Nabeul,1,90,165000.0,2.0
Appartement,Nabeul,1,100,179998.0,1.0
Appartement,Tunis,1,79,395000.0,2.0
Appartement,Tunis,1,50,115000.0,2.0
Appartement,Zaghouan,2,780,95000.0,3.0
Appartement,Nabeul,1,95,140000.0,1.0
Maison,La Manouba,2,289,265000.0,6.0
Appartement,Tunis,2,400,860000.0,4.0
Appartement,Ariana,1,130,240000.0,3.0
Appartement,Nabeul,2,200,361499.5,2.0
Appartement,Tunis,3,330,720000.0,3.0
Appartement,Nabeul,1,90,140000.0,2.0
Villa,Nabeul,1,420,680000.0,3.0
Villa,Ben Arous,2,256,545000.0,4.0
Villa,Nabeul,3,385,1250000.0,6.0
Appartement,Tunis,2,207,330000.0,3.0
Appartement,Tunis,4,470,1500000.0,7.0
Appartement,Tunis,2,113,330000.0,2.0
Appartement,Tunis,0,270,945000.0,1.0
Appartement,Tunis,1,220,850000.0,0.0
Maison,Sousse,0,285,320000.0,0.0
Appartement,Nabeul,1,100,230000.0,2.0
Appartement,Sousse,1,108,145000.0,2.0
Appartement,Sousse,2,300,187000.0,4.0
Appartement,Sousse,1,100,150000.0,3.0
Villa,Sousse,1,460,470000.0,3.0
Villa,Sousse,2,405,750000.0,5.0
Appartement,Ariana,1,110,240.0,4.0
Appartement,Sousse,1,70,107000.0,2.0
Appartement,Ben Arous,1,107,160000.0,2.0
Appartement,Sousse,1,43,180000.0,1.0
Appartement,Sousse,0,15,85000.0,1.0
Maison,Sousse,2,180,150000.0,2.0
Appartement,Tunis,0,0,275000.0,2.0
Appartement,Sousse,2,190,187000.0,4.0
Villa,Ariana,0,764,950000.0,2.0
Appartement,Tunis,0,140,385000.0,2.0
Appartement,Sousse,12,100,310000.0,2.0
Appartement,Sousse,1,60,150000.0,1.0
Appartement,Sousse,1,120,310000.0,3.0
Appartement,Ariana,1,65,165000.0,1.0
Villa,Ben Arous,4,440,550.0,8.0
Appartement,Tunis,2,252,500000.0,2.0
Appartement,La Manouba,1,101,220000.0,3.0
Appartement,Nabeul,2,140,470000.0,2.0
Appartement,Tunis,1,65,95000.0,3.0
Appartement,Ariana,1,71,220000.0,1.0
Appartement,Tunis,1,88,240000.0,3.0
Maison,Ben Arous,3,85,160000.0,8.0
Appartement,Sousse,3,165,420000.0,3.0
Appartement,Sousse,1,100,180000.0,2.0
Appartement,Sousse,1,88,285000.0,1.0
Appartement,Sousse,0,300,359600.0,3.0
Appartement,Tunis,0,82,220000.0,4.0
Appartement,Ariana,0,99,420000.0,2.0
Appartement,Tunis,1,150,600000.0,6.0
Appartement,Ben Arous,1,110,220000.0,2.0
Villa,Ben Arous,5,350,550000.0,6.0
Appartement,Ariana,1,125,420000.0,3.0
Villa,Ariana,2,1100,790000.0,6.0
Appartement,Ariana,1,150,400000.0,3.0
Appartement,Ben Arous,1,1250,1250000.0,7.0
Appartement,Tunis,2,120,335000.0,2.0
Appartement,Nabeul,1,60,361499.5,2.0
Appartement,Tunis,1,46,80000.0,2.0
Appartement,Nabeul,1,70,260000.0,1.0
Villa,Sousse,4,8900,3700000.0,4.0
Villa,Sousse,2,434,320000.0,4.0
Appartement,Ben Arous,1,135,240000.0,3.0
Appartement,Tunis,1,69,250000.0,2.0
Appartement,Tunis,2,424,1550000.0,0.0
Villa,Tunis,2,400,750000.0,4.0
Appartement,Nabeul,2,366,455000.0,3.0
Appartement,Ariana,1,183,400000.0,3.0
Villa,Nabeul,2,530,650000.0,0.0
Appartement,Sfax,2,181,262500.0,3.0
Appartement,Ben Arous,2,102,250000.0,2.0
Appartement,Nabeul,1,137,350000.0,1.0
Maison,Tunis,1,120,50000.0,3.0
Appartement,Ben Arous,2,125,260000.0,3.0
Villa,Ben Arous,2,504,380000.0,3.0
Appartement,Ben Arous,2,98,205000.0,2.0
Appartement,Ben Arous,1,4200,5.0,2.0
Appartement,Ariana,2,171,330000.0,3.0
Appartement,Ben Arous,1,700,360000.0,10.0
Appartement,Ben Arous,1,45,25000.0,1.0
Appartement,Sfax,2,130,360000.0,3.0
Appartement,Ben Arous,1,78,135000.0,2.0
Villa,Bizerte,5,787,2200000.0,6.0
Appartement,Sousse,2,111,303900.0,2.0
Appartement,Sousse,1,70,240000.0,1.0
Appartement,Sousse,1,83,338000.0,2.0
Maison,Nabeul,3,1500,480000.0,3.0
Villa,Tunis,4,400,750000.0,8.0
Appartement,Bizerte,1,88,210000.0,2.0
Appartement,Sousse,1,40,130000.0,1.0
Appartement,Ariana,2,150,340000.0,3.0
Appartement,Ariana,2,136,400000.0,3.0
Villa,Tunis,5,411,1050000.0,8.0
Appartement,Tunis,1,112,570000.0,2.0
Appartement,Tunis,1,85,160000.0,1.0
Appartement,Tunis,1,97,340000.0,2.0
Appartement,Ben Arous,2,122,230000.0,2.0
Appartement,Ben Arous,2,100,150001.0,2.0
Appartement,Ben Arous,2,127,240000.0,3.0
Villa,Ben Arous,2,440,550000.0,4.0
Appartement,Tunis,1,100,190000.0,2.0
Appartement,Ariana,1,112,299000.0,2.0
Appartement,Tunis,2,165,385000.0,5.0
Appartement,Tunis,2,137,379000.0,3.0
Appartement,Ariana,2,147,540000.0,3.0
Villa,Tunis,2,550,970000.0,8.0
Appartement,Tunis,1,110,255000.0,1.0
Appartement,Tunis,2,131,486000.0,3.0
Appartement,Tunis,1,63,340000.0,1.0
Appartement,Tunis,3,236,1100000.0,2.0
Appartement,Tunis,2,198,710000.0,2.0
Appartement,Tunis,2,260,1500000.0,4.0
Appartement,Tunis,2,108,205000.0,1.0
Maison,Sousse,2,148,250000.0,3.0
Appartement,Tunis,1,417,800000.0,3.0
Appartement,Tunis,1,250,200000.0,1.0
Villa,Ben Arous,0,0,189616.0,0.0
Appartement,Tunis,1,58,90000.0,1.0
Appartement,Tunis,3,208,800000.0,4.0
Villa,Nabeul,3,1495,905000.0,4.0
Appartement,Sfax,1,100,150.0,3.0
Appartement,Ben Arous,3,133,550000.0,3.0
Maison,Bizerte,2,103,165000.0,4.0
Appartement,Tunis,0,132,205000.0,1.0
Villa,Sfax,2,833,550000.0,5.0
Villa,Ariana,2,220,530000.0,4.0
Appartement,Mahdia,1,73,380000.0,1.0
Appartement,Mahdia,2,116.84,450000.0,2.0
Villa,Bizerte,2,206,470000.0,3.0
Appartement,Ariana,2,120,330000.0,3.0
Appartement,Tunis,1,100,270000.0,1.0
Villa,Tunis,4,654,1800000.0,4.0
Villa,Tunis,3,400,1350000.0,5.0
Villa,Ariana,2,240,950000.0,3.0
Appartement,Bizerte,4,6711,2200000.0,5.0
Appartement,Ben Arous,1,90,142000.0,2.0
Appartement,Tunis,1,136,500000.0,3.0
Appartement,Sousse,1,477,260.0,4.0
Appartement,Sousse,1,58,190000.0,1.0
Maison,Nabeul,1,245,270000.0,3.0
Appartement,Sousse,1,102,330000.0,2.0
Appartement,Nabeul,0,110,395000.0,2.0
Appartement,Nabeul,0,62,235600.0,1.0
Appartement,Nabeul,0,65,235000.0,1.0
Appartement,Nabeul,1,104,362999.0,2.0
Appartement,Nabeul,0,115,411000.0,2.0
Appartement,Nabeul,0,107,410000.0,2.0
Appartement,Nabeul,4,391,1300000.0,10.0
Appartement,Nabeul,2,163,490000.0,3.0
Appartement,Sousse,1,69,239000.0,2.0
Maison,Nabeul,2,743,660000.0,4.0
Appartement,Ben Arous,1,75,164999.0,0.0
Appartement,Nabeul,1,500,700000.0,4.0
Appartement,Sousse,2,410,650000.0,5.0
Appartement,Tunis,1,77,430000.0,1.0
Appartement,Nabeul,1,165,190000.0,3.0
Appartement,Jendouba,1,300,600000.0,4.0
Appartement,Nabeul,1,160,230000.0,2.0
Appartement,Ariana,1,190,450000.0,2.0
Appartement,Nabeul,1,90,165000.0,2.0
Maison,Ariana,3,400,280000.0,7.0
Appartement,Nabeul,1,109,361499.5,2.0
Appartement,Nabeul,1,60,260000.0,1.0
Appartement,Ariana,0,68,201000.0,1.0
Appartement,La Manouba,0,500,435000.0,4.0
Maison,Ariana,0,324,350000.0,3.0
Appartement,Tunis,0,65,107250.0,1.0
Appartement,Ariana,0,156,295000.0,3.0
Appartement,Ariana,0,187,400000.0,3.0
Appartement,Ben Arous,1,100,270000.0,3.0
Appartement,Ben Arous,2,150,355000.0,3.0
Maison,Sousse,2,202,350000.0,3.0
Villa,Sousse,3,532,570000.0,6.0
Appartement,Sousse,0,117,800000.0,1.0
Appartement,Tunis,1,82,220000.0,1.0
Villa,Tunis,4,463,1550000.0,5.0
Villa,Bizerte,1,300,11.0,5.0
Appartement,Tunis,2,275,990000.0,4.0
Appartement,Ariana,1,90,260000.0,2.0
Appartement,Tunis,1,128,395000.0,2.0
Appartement,Tunis,1,75,160000.0,2.0
Maison,Tunis,3,102,430000.0,6.0
Appartement,Nabeul,1,70,259000.0,4.0
Appartement,Tunis,1,80,111111.0,1.0
Appartement,Tunis,1,43,250000.0,1.0
Villa,Sfax,1,220,600000.0,4.0
Appartement,Tunis,2,127,525000.0,3.0
Maison,Monastir,2,304,200000.0,4.0
Appartement,Ben Arous,1,200,490000.0,3.0
Appartement,Ben Arous,1,147,379000.0,4.0
Appartement,Tunis,2,213,940000.0,2.0
Appartement,Tunis,2,110,150000.0,4.0
Appartement,Tunis,2,162,825000.0,3.0
Appartement,Nabeul,2,120,480000.0,3.0
Villa,Nabeul,4,318,1000000.0,4.0
Appartement,Nabeul,2,138,360000.0,2.0
Appartement,Tunis,2,160,440000.0,3.0
Appartement,Ariana,1,67,195000.0,1.0
Villa,Tunis,4,520,980000.0,6.0
Appartement,Ariana,1,111,330000.0,2.0
Appartement,Tunis,1,86,320000.0,2.0
Appartement,Ariana,2,160,730000.0,4.0
Appartement,Tunis,1,118,297000.0,2.0
Appartement,Tunis,1,67,236000.0,0.0
Appartement,Bizerte,2,104,174999.0,4.0
Appartement,Ben Arous,1,85,135000.0,2.0
Maison,Tunis,1,172,190.0,3.0
Maison,Ben Arous,1,90,98000.0,3.0
Appartement,Ariana,2,110,450000.0,3.0
Appartement,Tunis,2,130,390000.0,2.0
Villa,Tunis,0,1033,1350000.0,5.0
Appartement,Tunis,0,90,480000.0,2.0
Villa,Ariana,1,620,360000.0,4.0
Appartement,Tunis,2,150,390000.0,3.0
Villa,Nabeul,4,520,650000.0,5.0
Appartement,Ariana,3,154,480000.0,3.0
Villa,Nabeul,4,1250,12.0,5.0
Appartement,Ariana,1,114,440000.0,2.0
Appartement,La Manouba,0,500,650000.0,0.0
Appartement,Ben Arous,1,50,95000.0,1.0
Villa,Bizerte,0,270,350000.0,3.0
Appartement,Ben Arous,1,102,290000.0,2.0
Appartement,Bizerte,1,123,190000.0,2.0
Appartement,Bizerte,1,100,170000.0,2.0
Appartement,Tunis,1,70,245000.0,1.0
Villa,Ariana,6,380,1200000.0,5.0
Villa,Bizerte,2,252,449996.0,1.0
Appartement,Ariana,1,104,155000.0,3.0
Appartement,Tunis,2,179,465000.0,2.0
Maison,Ariana,2,85,175000.0,4.0
Appartement,Nabeul,3,345,960000.0,4.0
Appartement,Tunis,1,118,290000.0,2.0
Maison,Tunis,1,220,220000.0,4.0
Appartement,Tunis,1,174.43,355000.0,3.0
Appartement,Tunis,1,120,289998.0,0.0
Villa,Ben Arous,2,135,240000.0,9.0
Villa,Ben Arous,2,245,400000.0,8.0
Villa,Ben Arous,3,300,540000.0,7.0
Maison,Ben Arous,2,90,155000.0,7.0
Villa,Ben Arous,1,187,230000.0,3.0
Villa,Ben Arous,1,300,280000.0,5.0
Appartement,Tunis,0,12,26000.0,1.0
Appartement,Ben Arous,2,150,350000.0,4.0
Villa,Ben Arous,3,400,650000.0,7.0
Appartement,Tunis,2,75,75000.0,3.0
Appartement,Ben Arous,1,80,110000.0,3.0
Villa,Ariana,3,530,450000.0,6.0
Maison,Tunis,2,100,210000.0,8.0
Maison,Ben Arous,2,135,240000.0,8.0
Villa,Ben Arous,1,187,235000.0,5.0
Villa,Tunis,4,317,849500.0,6.0
Appartement,Tunis,2,120,270000.0,5.0
Villa,Tunis,4,662,950000.0,6.0
Villa,Ariana,5,260,980000.0,4.0
Appartement,Ben Arous,1,115,135000.0,4.0
Villa,Ariana,3,1000,790000.0,6.0
Appartement,Ariana,1,75,130000.0,2.0
Villa,Ben Arous,2,467,660000.0,4.0
Appartement,Ariana,3,170,500000.0,5.0
Appartement,Ariana,2,143,395000.0,2.0
Appartement,Ben Arous,0,80,250000000.0,1.0
Maison,Tunis,2,280,210000.0,8.0
Villa,Ariana,1,350,420000.0,4.0
Appartement,Gabès,1,80,50.0,3.0
Appartement,Tunis,1,75,100000.0,2.0
Appartement,Ariana,1,40,165000.0,1.0
Appartement,Ariana,02,115,290000.0,3.0
Appartement,Ariana,2,210,449500.0,4.0
Appartement,Ariana,3,332,790000.0,3.0
Appartement,Sfax,1,61,235000.0,1.0
Appartement,Sfax,0,95,800000.0,1.0
Appartement,Sfax,1,61,235000.0,1.0
Maison,Sfax,1,371,350000.0,3.0
Appartement,Ben Arous,2,255,170000.0,8.0
Appartement,Tunis,2,127,400.0,3.0
Appartement,Sousse,2,120,390000.0,3.0
Villa,Ben Arous,2,12000,880000.0,4.0
Appartement,Ben Arous,1,67,189616.0,0.0
Villa,Ben Arous,6,600,980000.0,9.0
Appartement,Sousse,1,115,438000.0,2.0
Appartement,Sousse,3,159,462000.0,3.0
Appartement,Sousse,6,300,1400000.0,12.0
Appartement,Sousse,0,178,700000.0,1.0
Appartement,Ben Arous,0,50,28000.0,1.0
Appartement,Sousse,1,62.14,260000.0,1.0
Appartement,Sousse,1,83,465000.0,1.0
Appartement,Sousse,1,101,395000.0,2.0
Appartement,Sousse,2,94.16,599000.0,2.0
Villa,Ariana,1,354.07,980000.0,4.0
Appartement,Sousse,1,118.45,282000.0,2.0
Appartement,Sousse,1,139.86,359600.0,3.0
Appartement,Ariana,3,129,389725.0,3.0
Appartement,Sousse,1,64.5,265000.0,1.0
Appartement,Sousse,1,90.69,375000.0,2.0
Appartement,Sousse,2,80.23,401000.0,2.0
Appartement,Tunis,3,138,928000.0,2.0
Appartement,Tunis,3,158,1110000.0,2.0
Villa,Tunis,5,375,2925000.0,4.0
Appartement,Tunis,3,190,1263000.0,3.0
Appartement,Tunis,5,280,2195000.0,4.0
Appartement,Nabeul,2,103.51,455000.0,3.0
Appartement,Nabeul,2,99.79,405000.0,2.0
Appartement,Nabeul,2,112.75,575000.0,2.0
Appartement,Nabeul,2,108.21,500000.0,3.0
Appartement,Nabeul,2,99.28,425000.0,2.0
Villa,Ariana,1,346.70,980000.0,4.0
Villa,Ariana,1,367.64,980000.0,4.0
Villa,Ariana,1,514.32,1060000.0,5.0
Appartement,Ariana,1,100.80,317200.0,1.0
Appartement,Ariana,2,128.80,362500.0,2.0
Appartement,Ariana,2,132.80,350300.0,2.0
Appartement,Ariana,2,134.70,349300.0,2.0
Appartement,Ariana,2,124.70,431200.0,2.0
Villa,Ariana,1,346.52,980000.0,4.0
Appartement,Tunis,3,168,1114000.0,3.0
Appartement,Tunis,3,202,1342000.0,3.0
Appartement,Tunis,3,189,1320000.0,3.0
Appartement,Tunis,5,218,1442000.0,4.0
Appartement,Nabeul,2,103.37,465000.0,3.0
Appartement,Nabeul,2,102.97,470000.0,2.0
Appartement,Nabeul,1,82.45,390000.0,2.0
Appartement,Nabeul,2,104.19,515000.0,3.0
Appartement,Nabeul,2,101.62,495000.0,2.0
Villa,Ariana,1,355.20,980000.0,4.0
Villa,Ariana,1,515.50,1060000.0,5.0
Villa,Ariana,1,367.64,980000.0,4.0
Villa,Ariana,1,365.05,980000.0,4.0
Appartement,Ariana,2,136.60,384000.0,2.0
Appartement,Ariana,2,133.10,385300.0,2.0
Appartement,Ariana,2,131.70,379400.0,2.0
Appartement,Ariana,2,128.80,354000.0,2.0
Appartement,Ariana,2,117.5,324000.0,2.0
Appartement,Tunis,3,144.5,967000.0,2.0
Appartement,Tunis,3,154,1025000.0,2.0
Appartement,Tunis,3,147,982000.0,2.0
Appartement,Ben Arous,1,116.73,291.0,2.0
Appartement,Ben Arous,1,125.90,313.0,2.0
Appartement,Ben Arous,1,125.86,318.0,2.0
Appartement,Tunis,1,70,334000.0,1.0
Appartement,Tunis,1,111.20,495000.0,2.0
Appartement,Tunis,1,99.33,437000.0,2.0
Appartement,Tunis,2,118.75,547000.0,2.0
Appartement,Tunis,2,136,590000.0,3.0
Appartement,Tunis,3,160.9,685000.0,3.0
Appartement,Tunis,3,172,780000.0,4.0
Appartement,Ben Arous,2,112.19,165000.0,2.0
Appartement,Ben Arous,2,103.03,165000.0,2.0
Appartement,Ben Arous,1,94.44,165000.0,2.0
Appartement,Ben Arous,2,112.76,165000.0,2.0
Appartement,Ariana,1,67.17,368357.0,1.0
Appartement,Ariana,1,65.26,271902.0,1.0
Appartement,Ariana,1,68.71,284962.0,1.0
Appartement,Ariana,1,90.47,388895.0,2.0
Appartement,Ariana,1,108.29,434789.0,2.0
Appartement,Ariana,2,141.21,641737.0,3.0
Appartement,Ariana,1,115.19,482160.0,2.0
Appartement,Ben Arous,2,110.85,445134.0,2.0
Appartement,Ben Arous,2,138.35,515665.0,3.0
Appartement,Ben Arous,1,63.25,241566.0,1.0
Appartement,Ben Arous,2,113.73,457043.0,2.0
Appartement,Ben Arous,2,111.80,448594.0,2.0
Appartement,Sousse,2,124.32,415000.0,3.0
Appartement,Sousse,1,110.81,380000.0,2.0
Appartement,Sousse,1,73.23,255000.0,1.0
Appartement,Sousse,3,142.96,445000.0,3.0
Appartement,Nabeul,1,58.43,260000.0,1.0
Appartement,Nabeul,1,85.38,385000.0,2.0
Appartement,Nabeul,2,103.51,455000.0,3.0
Appartement,Ariana,2,129.30,364600.0,2.0
Appartement,Ariana,2,167.96,641679.0,3.0
Appartement,Sousse,2,122.11,440000.0,2.0
Appartement,Sousse,2,152.96,495000.0,3.0
Appartement,Ariana,2,110.3,372400.0,2.0
Appartement,Tunis,3,207.66,1040871.0,3.0
Appartement,Tunis,1,64.24,362189.0,1.0
Appartement,Tunis,2,578705,578705.0,2.0
Appartement,Tunis,2,125.56,666728.0,2.0
Appartement,Tunis,4,250.44,1273457.0,4.0
Appartement,Ariana,1,123.27,491499.0,2.0
Appartement,Ariana,1,108.07,531049.0,2.0
Appartement,Nabeul,1,72.28,350000.0,2.0
Appartement,Nabeul,1,59.85,280000.0,1.0
Appartement,Tunis,2,110.30,589111.0,2.0
Appartement,Tunis,3,170.29,874950.0,3.0
Appartement,Ariana,2,152.40,584540.0,3.0
Appartement,Ariana,2,144.18,809831.0,3.0
Appartement,Ariana,1,98.92,399322.0,2.0
Appartement,Tunis,1,55.48,316613.0,1.0
Villa,Ariana,1,415.74,980000.0,4.0
Villa,Ariana,1,365.05,980000.0,4.0
Villa,Ariana,1,355.20,980000.0,4.0
Appartement,Nabeul,1,124.61,315000.0,2.0
Appartement,Nabeul,1,129.73,320000.0,2.0
Appartement,Nabeul,1,124.61,320000.0,2.0
Appartement,Ben Arous,1,97.18,165000.0,2.0
Appartement,Tunis,1,97.16,313000.0,2.0
Appartement,Sfax,2,196.782,364043.0,3.0
Appartement,Nabeul,1,124.61,315000.0,2.0
Appartement,Ben Arous,1,71.70,95000.0,1.0
Appartement,Tunis,1,51.49,295896.0,1.0
Appartement,Tunis,2,168,355000.0,3.0
Appartement,Tunis,1,65.54,205000.0,1.0
Appartement,Nabeul,2,154.42,350000.0,3.0
Appartement,Nabeul,2,137.4,345000.0,2.0
Appartement,Sousse,2,96.92,310000.0,2.0
Appartement,Sousse,1,70.03,250000.0,1.0
