Région,Localisation,Type de bien,Nature,Superficie,Salles de bains,Chambres,Prix
Ariana,Ariana,Villa,À Vendre,320.0,3.0,5.0,530000.0
Nabeul,Nabeul,Maison,À Vendre,197.0,1.0,2.0,240000.0
La Manouba,La_Manouba,Maison,À Vendre,300.0,1.0,3.0,207353.2773392251
Ariana,Ariana,Villa,À Vendre,517.0,3.0,5.0,1150000.0
Nabeul,Nabeul,Villa,À Vendre,485.0,4.0,4.0,890000.0
Ben Arous,Ben_Arous,Villa,À Vendre,350.0,2.0,4.0,680000.0
Bizerte,Bizerte,Villa,À Vendre,200.0,3.0,3.0,512844.60529227974
Bizerte,Bizerte,Maison,À Vendre,160.0,2.0,4.0,218539.9623321821
Bizerte,Bizerte,Villa,À Vendre,180.0,2.0,3.0,512755.90582325077
Ben Arous,Ben_Arous,Villa,À Vendre,420.0,2.0,10.0,789780.9576146228
Nabeul,Nabeul,Villa,À Vendre,265.0,2.0,3.0,480000.0
Nabeul,Nabeul,Villa,À Vendre,470.0,4.0,4.0,950000.0
Nabeul,Nabeul,Villa,À Vendre,700.0,2.0,3.0,695818.1959563716
Nabeul,Nabeul,Maison,À Vendre,200.0,1.0,2.0,336288.3400664964
Ariana,Ariana,Villa,À Vendre,530.0,4.0,5.0,720849.6360080065
Nabeul,Nabeul,Villa,À Vendre,460.0,3.0,4.0,920000.0
Nabeul,Nabeul,Villa,À Vendre,700.0,5.0,7.0,826285.9250427911
Tunis,Tunis,Maison,À Vendre,384.0,1.0,4.0,700000.0
Ariana,Ariana,Villa,À Vendre,300.0,3.0,3.0,960000.0
Ben Arous,Ben_Arous,Appartement,À Vendre,1279.0,1.0,4.0,359587.77602925635
Ben Arous,Ben_Arous,Villa,À Vendre,580.0,2.0,7.0,692158.9299579049
Ben Arous,Ben_Arous,Villa,À Vendre,1014.0,2.0,6.0,659714.8949212485
Ben Arous,Ben_Arous,Villa,À Vendre,1053.0,2.0,5.0,627170.5801946045
Ben Arous,Ben_Arous,Villa,À Vendre,445.0,2.0,5.0,1250000.0
Ben Arous,Ben_Arous,Villa,À Vendre,735.0,4.0,7.0,1150000.0
Ben Arous,Ben_Arous,Villa,À Vendre,444.0,1.0,3.0,550000.0
Tunis,Tunis,Villa,À Vendre,459.0,2.0,4.0,650000.0
Ben Arous,Ben_Arous,Maison,À Vendre,148.0,2.0,4.0,370000.0
Ben Arous,Ben_Arous,Maison,À Vendre,170.0,1.0,3.0,370000.0
Ben Arous,Ben_Arous,Maison,À Vendre,450.0,3.0,3.0,580000.0
Ben Arous,Ben_Arous,Maison,À Vendre,302.0,2.0,3.0,370000.0
Ben Arous,Ben_Arous,Maison,À Vendre,309.0,2.0,3.0,650000.0
Ben Arous,Ben_Arous,Maison,À Vendre,174.0,3.0,7.0,400000.0
Ben Arous,Ben_Arous,Maison,À Vendre,183.0,2.0,5.0,680000.0
Ben Arous,Ben_Arous,Maison,À Vendre,285.0,1.0,4.0,550000.0
Ben Arous,Ben_Arous,Maison,À Vendre,289.0,2.0,5.0,620000.0
Ben Arous,Ben_Arous,Maison,À Vendre,208.0,3.0,7.0,450000.0
Ben Arous,Ben_Arous,Maison,À Vendre,341.0,3.0,6.0,650000.0
Ben Arous,Ben_Arous,Maison,À Vendre,650.0,5.0,8.0,1000000.0
Ben Arous,Ben_Arous,Maison,À Vendre,201.0,2.0,3.0,540000.0
Ben Arous,Ben_Arous,Villa,À Vendre,206.0,4.0,8.0,650000.0
Ben Arous,Ben_Arous,Villa,À Vendre,383.0,3.0,6.0,550000.0
Nabeul,Nabeul,Villa,À Vendre,500.0,3.0,3.0,790000.0
Nabeul,Nabeul,Villa,À Vendre,400.0,4.0,4.0,1030000.0
Ben Arous,Ben_Arous,Villa,À Vendre,417.0,1.0,4.0,480000.0
Nabeul,Nabeul,Maison,À Vendre,90.0,1.0,2.0,336260.41407687956
Ariana,Ariana,Villa,À Vendre,300.0,3.0,5.0,1000000.0
Tunis,Tunis,Villa,À Vendre,657.0,3.0,8.0,800493.6490858648
Sfax,Sfax,Maison,À Vendre,303.0,2.0,5.0,350000.0
Tunis,Tunis,Villa,À Vendre,587.0,3.0,5.0,702813.2307235842
Ariana,Ariana,Villa,À Vendre,500.0,2.0,7.0,785783.2073149299
Tunis,Tunis,Villa,À Vendre,800.0,1.0,10.0,865471.1403582764
Ariana,Ariana,Villa,À Vendre,400.0,6.0,7.0,950000.0
Tunis,Tunis,Villa,À Vendre,662.0,4.0,8.0,800578.5404654006
Ariana,Ariana,Villa,À Vendre,420.0,3.0,4.0,1200000.0
Monastir,Monastir,Villa,À Vendre,208.0,3.0,5.0,315000.0
Nabeul,Nabeul,Villa,À Vendre,320.0,4.0,3.0,695888.9683886198
Nabeul,Nabeul,Villa,À Vendre,500.0,4.0,2.0,830000.0
Nabeul,Nabeul,Villa,À Vendre,490.0,4.0,4.0,1250000.0
Sousse,Sousse,Villa,À Vendre,180.0,1.0,4.0,710957.6403366695
Bizerte,Bizerte,Villa,À Vendre,154.0,2.0,5.0,350000.0
Ben Arous,Ben_Arous,Villa,À Vendre,200.0,1.0,3.0,350000.0
Tunis,Tunis,Villa,À Vendre,185.0,1.0,4.0,669989.7141330972
Ariana,Ariana,Villa,À Vendre,850.0,6.0,8.0,818760.76656125
Bizerte,Bizerte,Villa,À Vendre,600.0,2.0,4.0,545416.7480883868
Nabeul,Nabeul,Villa,À Vendre,400.0,3.0,5.0,1250000.0
Nabeul,Nabeul,Villa,À Vendre,800.0,4.0,4.0,1050000.0
Nabeul,Nabeul,Villa,À Vendre,397.0,4.0,4.0,1050000.0
Bizerte,Bizerte,Villa,À Vendre,300.0,2.0,3.0,349999.0
Ariana,Ariana,Villa,À Vendre,400.0,2.0,4.0,900000.0
Nabeul,Nabeul,Villa,À Vendre,600.0,4.0,4.0,830000.0
Nabeul,Nabeul,Villa,À Vendre,420.0,3.0,4.0,760000.0
Nabeul,Nabeul,Villa,À Vendre,347.0,4.0,4.0,1100000.0
Tunis,Tunis,Maison,À Vendre,572.0,1.0,3.0,580000.0
Monastir,Monastir,Villa,À Vendre,916.0,2.0,3.0,680000.0
Nabeul,Nabeul,Villa,À Vendre,234.0,3.0,4.0,575000.0
Nabeul,Nabeul,Maison,À Vendre,269.0,1.0,3.0,400000.0
Nabeul,Nabeul,Villa,À Vendre,426.0,3.0,3.0,1000000.0
Nabeul,Nabeul,Villa,À Vendre,347.0,3.0,4.0,1100000.0
Tunis,Tunis,Villa,À Vendre,282.0,2.0,4.0,670097.961794858
Ariana,Ariana,Maison,À Vendre,500.0,2.0,5.0,360000.0
Nabeul,Nabeul,Villa,À Vendre,660.0,3.0,3.0,695891.6630674278
Sousse,Sousse,Maison,À Vendre,360.0,4.0,7.0,549999.0
Ben Arous,Ben_Arous,Villa,À Vendre,566.0,3.0,3.0,562022.1347201106
Ariana,Ariana,Villa,À Vendre,224.0,2.0,4.0,688050.4911902761
Ben Arous,Ben_Arous,Maison,À Vendre,216.0,2.0,3.0,375000.0
Ben Arous,Ben_Arous,Villa,À Vendre,418.0,4.0,7.0,790000.0
Ben Arous,Ben_Arous,Maison,À Vendre,420.0,3.0,4.0,590000.0
Ben Arous,Ben_Arous,Villa,À Vendre,94.0,1.0,4.0,140000.0
Ben Arous,Ben_Arous,Maison,À Vendre,200.0,1.0,3.0,325000.0
Ben Arous,Ben_Arous,Maison,À Vendre,206.0,1.0,3.0,360000.0
Sousse,Sousse,Villa,À Vendre,792.0,1.0,3.0,678558.7946286659
Ben Arous,Ben_Arous,Maison,À Vendre,622.0,1.0,3.0,430000.0
Ben Arous,Ben_Arous,Villa,À Vendre,395.0,3.0,3.0,495000.0
Sousse,Sousse,Villa,À Vendre,387.0,2.0,5.0,650000.0
Tunis,Tunis,Maison,À Vendre,367.0,4.0,4.0,700000.0
Ben Arous,Ben_Arous,Appartement,À Vendre,622.0,1.0,3.0,800000.0
Tunis,Tunis,Maison,À Vendre,101.0,1.0,2.0,212000.0
Zaghouan,Zaghouan,Villa,À Vendre,160.0,3.0,7.0,600000.0
Sousse,Sousse,Villa,À Vendre,760.0,3.0,6.0,776380.5620151355
Sousse,Sousse,Maison,À Vendre,365.0,4.0,6.0,449598.82254378183
Tunis,Tunis,Maison,À Vendre,378.0,3.0,3.0,310886.6580269222
Tunis,Tunis,Villa,À Vendre,410.0,3.0,4.0,1200000.0
Nabeul,Nabeul,Maison,À Vendre,180.0,1.0,2.0,140000.0
Ben Arous,Ben_Arous,Villa,À Vendre,250.0,3.0,5.0,627050.342486773
Ariana,Ariana,Villa,À Vendre,400.0,2.0,4.0,950000.0
Nabeul,Nabeul,Villa,À Vendre,550.0,4.0,3.0,870000.0
Nabeul,Nabeul,Villa,À Vendre,430.0,3.0,4.0,790000.0
Monastir,Monastir,Villa,À Vendre,970.0,6.0,6.0,485552.50760430656
Nabeul,Nabeul,Villa,À Vendre,1295.0,3.0,6.0,793715.5194672857
Nabeul,Nabeul,Appartement,À Vendre,585.0,4.0,8.0,623724.9818282835
Tunis,Tunis,Maison,À Vendre,95.0,2.0,5.0,375839.62157409836
Ariana,Ariana,Villa,À Vendre,150.0,6.0,8.0,818583.0557182338
Ben Arous,Ben_Arous,Villa,À Vendre,320.0,2.0,5.0,380000.0
Nabeul,Nabeul,Maison,À Vendre,600.0,4.0,6.0,240000.0
Ben Arous,Ben_Arous,Villa,À Vendre,381.0,2.0,5.0,580000.0
Ariana,Ariana,Villa,À Vendre,391.0,2.0,4.0,849000.0
Ariana,Ariana,Villa,À Vendre,402.0,5.0,8.0,890000.0
Ariana,Ariana,Appartement,À Vendre,140.0,2.0,3.0,420472.6085251065
Ariana,Ariana,Villa,À Vendre,220.0,1.0,4.0,660000.0
Nabeul,Nabeul,Villa,À Vendre,320.0,4.0,4.0,990000.0
Nabeul,Nabeul,Villa,À Vendre,620.0,4.0,4.0,720000.0
Nabeul,Nabeul,Maison,À Vendre,150.0,1.0,2.0,130000.0
Ben Arous,Ben_Arous,Villa,À Vendre,1014.0,4.0,6.0,659882.1389539912
Tunis,Tunis,Villa,À Vendre,260.0,4.0,6.0,880000.0
Ariana,Ariana,Villa,À Vendre,300.0,2.0,4.0,980000.0
Ben Arous,Ben_Arous,Villa,À Vendre,524.0,2.0,3.0,650000.0
Ben Arous,Ben_Arous,Maison,,189.0,2.0,2.0,98000.0
La Manouba,La_Manouba,Appartement,À Vendre,115.0,1.0,3.0,229000.0
Ben Arous,Ben_Arous,Maison,À Vendre,120.0,2.0,5.0,300168.63523038983
Tunis,Tunis,Maison,À Vendre,250.0,4.0,4.0,720000.0
Tunis,Tunis,Maison,À Vendre,260.0,3.0,5.0,320000.0
Sfax,Sfax,Villa,À Vendre,700.0,3.0,4.0,600000.0
Nabeul,Nabeul,Villa,À Vendre,440.0,2.0,4.0,845000.0
Tunis,Tunis,Villa,À Vendre,464.0,3.0,3.0,637673.5728710874
Ariana,Ariana,Villa,À Vendre,300.0,2.0,5.0,970000.0
La Manouba,La_Manouba,Appartement,À Vendre,118.0,2.0,2.0,266599.218970142
Ben Arous,Ben_Arous,Villa,À Vendre,477.0,2.0,4.0,680000.0
Ben Arous,Ben_Arous,Villa,À Vendre,169.0,3.0,6.0,480000.0
Ben Arous,Ben_Arous,Villa,À Vendre,444.0,3.0,4.0,480000.0
Ariana,Ariana,Villa,À Vendre,539.0,2.0,6.0,900000.0
Ariana,Ariana,Villa,À Vendre,380.0,5.0,4.0,688340.9613701196
Ben Arous,Ben_Arous,Appartement,À Vendre,100.0,1.0,2.0,115000.0
Ben Arous,Ben_Arous,Villa,À Vendre,460.0,3.0,6.0,450000.0
La Manouba,La_Manouba,Villa,À Vendre,565.0,4.0,9.0,729761.7959897479
Médenine,Mdenine,Villa,À Vendre,450.0,4.0,5.0,562295.7125520753
Monastir,Monastir,Maison,À Vendre,490.0,2.0,2.0,218000.0
Ariana,Ariana,Maison,À Vendre,90.0,2.0,6.0,360000.0
Nabeul,Nabeul,Villa,À Vendre,300.0,5.0,4.0,728521.72871166
Sfax,Sfax,Villa,À Vendre,829.0,2.0,3.0,850000.0
Ariana,Ariana,Villa,À Vendre,318.0,1.0,2.0,622882.3016827428
Ariana,Ariana,Maison,À Vendre,420.0,1.0,5.0,393805.7621715382
Tunis,Tunis,Maison,À Vendre,70.0,1.0,4.0,80000.0
Ben Arous,Ben_Arous,Maison,À Vendre,120.0,3.0,5.0,300252.25724676123
Nabeul,Nabeul,Villa,À Vendre,506.0,2.0,4.0,740000.0
Nabeul,Nabeul,Appartement,À Vendre,75.0,1.0,1.0,300000.0
Ariana,Ariana,Villa,À Vendre,400.0,1.0,5.0,450000.0
Nabeul,Nabeul,Maison,À Vendre,350.0,3.0,6.0,200000.0
Ariana,Ariana,Villa,À Vendre,306.0,2.0,7.0,785733.9560241513
Ben Arous,Ben_Arous,Villa,À Vendre,600.0,4.0,5.0,627222.8199246526
Tunis,Tunis,Villa,À Vendre,611.0,2.0,4.0,670181.4858910756
Ariana,Ariana,Villa,À Vendre,227.0,2.0,4.0,970000.0
Nabeul,Nabeul,Maison,À Vendre,550.0,4.0,9.0,564507.571852403
Nabeul,Nabeul,Villa,À Vendre,380.0,2.0,4.0,980000.0
Nabeul,Nabeul,Maison,À Vendre,275.0,1.0,4.0,401415.81203261507
Nabeul,Nabeul,Villa,À Vendre,316.0,2.0,3.0,950000.0
Gafsa,Gafsa,Villa,À Vendre,400.0,2.0,5.0,422613.290106548
Tunis,Tunis,Appartement,À Vendre,96.0,1.0,3.0,350000.0
Sfax,Sfax,Maison,À Vendre,189.0,1.0,4.0,272134.45097024034
Nabeul,Nabeul,Villa,À Vendre,245.0,3.0,3.0,670000.0
Nabeul,Nabeul,Villa,À Vendre,300.0,3.0,4.0,890000.0
Ariana,Ariana,Maison,À Vendre,480.0,2.0,4.0,361350.40078655607
Tunis,Tunis,Villa,À Vendre,300.0,4.0,4.0,500000.0
Ben Arous,Ben_Arous,Appartement,À Vendre,160.0,1.0,2.0,198000.0
Nabeul,Nabeul,Maison,À Vendre,280.0,1.0,5.0,433971.2971551058
Nabeul,Nabeul,Appartement,À Vendre,100.0,1.0,2.0,195000.0
Béja,Bja,Villa,À Vendre,270.0,2.0,6.0,484588.1507972289
Ben Arous,Ben_Arous,Maison,À Vendre,100.0,1.0,4.0,130000.0
Nabeul,Nabeul,Villa,À Vendre,535.0,2.0,4.0,728330.5227312727
Ben Arous,Ben_Arous,Villa,À Vendre,436.0,3.0,7.0,692205.9943151413
Nabeul,Nabeul,Maison,À Vendre,280.0,3.0,6.0,466692.7569471749
Tunis,Tunis,Villa,À Vendre,241.0,3.0,6.0,550000.0
Nabeul,Nabeul,Villa,À Vendre,280.0,2.0,4.0,724999.0
Nabeul,Nabeul,Villa,À Vendre,269.0,2.0,3.0,620000.0
Nabeul,Nabeul,Villa,À Vendre,364.0,2.0,4.0,728287.1105110501
Ariana,Ariana,Villa,À Vendre,280.0,2.0,4.0,590000.0
Monastir,Monastir,Villa,À Vendre,1200.0,3.0,8.0,550468.4637794074
Sousse,Sousse,Villa,À Vendre,600.0,1.0,6.0,850000.0
Nabeul,Nabeul,Villa,À Vendre,220.0,2.0,4.0,650000.0
Ben Arous,Ben_Arous,Maison,À Vendre,500.0,2.0,6.0,990000.0
Ariana,Ariana,Maison,À Vendre,350.0,2.0,6.0,426425.8288629343
Ben Arous,Ben_Arous,Maison,À Vendre,135.0,1.0,4.0,120000.0
Sousse,Sousse,Villa,À Vendre,1200.0,3.0,6.0,776492.2659736028
Tunis,Tunis,Maison,À Vendre,189.0,1.0,4.0,189999.0
Ariana,Ariana,Villa,À Vendre,400.0,2.0,6.0,269997.0
Nabeul,Nabeul,Villa,À Vendre,500.0,1.0,2.0,300000.0
Tunis,Tunis,Villa,À Vendre,253.0,2.0,4.0,1230000.0
Ben Arous,Ben_Arous,Appartement,À Vendre,140.0,2.0,4.0,175000.0
Nabeul,Nabeul,Maison,À Vendre,90.0,3.0,4.0,401536.089628275
Sfax,Sfax,Villa,À Vendre,800.0,2.0,9.0,450000.0
Nabeul,Nabeul,Appartement,À Vendre,230.0,1.0,4.0,185000.0
Monastir,Monastir,Appartement,À Vendre,145.0,1.0,3.0,198000.0
Ariana,Ariana,Villa,À Vendre,545.0,2.0,4.0,780000.0
Tunis,Tunis,Maison,À Vendre,140.0,1.0,4.0,343213.20806688024
Ben Arous,Ben_Arous,Maison,À Vendre,256.0,2.0,4.0,267648.94614913524
Ben Arous,Ben_Arous,Villa,À Vendre,363.0,2.0,4.0,594441.1923185908
Ben Arous,Ben_Arous,Villa,À Vendre,373.0,1.0,4.0,540000.0
Tunis,Tunis,Villa,À Vendre,200.0,3.0,5.0,680000.0
Jendouba,Jendouba,Villa,À Vendre,802.0,1.0,3.0,550000.0
Ariana,Ariana,Villa,À Vendre,420.0,2.0,4.0,980000.0
Nabeul,Nabeul,Maison,À Vendre,500.0,2.0,3.0,180000.0
Nabeul,Nabeul,Appartement,À Vendre,105.0,2.0,3.0,370000.0
Nabeul,Nabeul,Villa,À Vendre,400.0,3.0,4.0,728379.8719422052
Nabeul,Nabeul,Villa,À Vendre,329.0,4.0,3.0,1100000.0
Ben Arous,Ben_Arous,Villa,À Vendre,562.0,4.0,8.0,830000.0
Ariana,Ariana,Villa,À Vendre,457.0,2.0,3.0,655555.4277544109
Ariana,Ariana,Villa,À Vendre,400.0,3.0,4.0,688178.7947900344
Tunis,Tunis,Appartement,À Vendre,400.0,1.0,1.0,337379.30786650616
Ben Arous,Ben_Arous,Villa,À Vendre,500.0,1.0,1.0,990000.0
Ben Arous,Ben_Arous,Villa,À Vendre,420.0,1.0,3.0,1100000.0
Tunis,Tunis,Appartement,À Vendre,236.0,1.0,4.0,435000.32003269275
Ariana,Ariana,Appartement,À Vendre,170.0,1.0,3.0,320000.0
Tunis,Tunis,Maison,À Vendre,120.0,1.0,2.0,130000.0
Bizerte,Bizerte,Maison,À Vendre,110.0,1.0,4.0,165000.0
Tunis,Tunis,Appartement,À Vendre,330.0,1.0,1.0,280000.0
Tunis,Tunis,Appartement,À Vendre,312.0,1.0,1.0,337356.9670748127
Ariana,Ariana,Villa,À Vendre,426.0,1.0,4.0,790000.0
Tunis,Tunis,Villa,À Vendre,244.0,2.0,5.0,1200000.0
Ariana,Ariana,Maison,À Vendre,466.0,1.0,3.0,480000.0
Tunis,Tunis,Villa,À Vendre,374.0,3.0,3.0,1200000.0
Tunis,Tunis,Appartement,À Vendre,140.0,1.0,1.0,640000.0
Tunis,Tunis,Appartement,À Vendre,140.0,1.0,2.0,640000.0
Ariana,Ariana,Appartement,À Vendre,300.0,1.0,3.0,850000.0
Bizerte,Bizerte,Villa,À Vendre,400.0,1.0,2.0,1200000.0
Nabeul,Nabeul,Villa,À Vendre,1200.0,1.0,3.0,695861.5102564404
Ariana,Ariana,Villa,À Vendre,200.0,1.0,3.0,420000.0
Tunis,Tunis,Appartement,À Vendre,400.0,1.0,3.0,402487.73938515875
Ariana,Ariana,Maison,À Vendre,466.0,1.0,4.0,480000.0
Ariana,Ariana,Villa,À Vendre,400.0,1.0,5.0,780000.0
Tunis,Tunis,Villa,À Vendre,649.0,4.0,9.0,1180000.0
Tunis,Tunis,Villa,,400.0,2.0,4.0,670127.9187655379
Tunis,Tunis,Maison,À Vendre,143.0,1.0,3.0,290000.0
Ben Arous,Ben_Arous,Appartement,À Vendre,297.0,2.0,3.0,320000.0
Ben Arous,Ben_Arous,Appartement,À Vendre,320.0,2.0,3.0,680000.0
Ben Arous,Ben_Arous,Villa,À Vendre,125.0,2.0,6.0,250000.0
Tunis,Tunis,Maison,À Vendre,100.0,3.0,6.0,450000.0
Tunis,Tunis,Appartement,À Vendre,80.0,2.0,3.0,420000.0
Sfax,Sfax,Maison,À Vendre,512.0,1.0,3.0,450000.0
Tunis,Tunis,Villa,À Vendre,500.0,4.0,3.0,637766.3343022424
Tunis,Tunis,Villa,À Vendre,590.0,4.0,5.0,702897.6143578542
La Manouba,La_Manouba,Villa,À Vendre,518.0,3.0,4.0,566895.1631629996
Tunis,Tunis,Villa,À Vendre,350.0,3.0,4.0,850000.0
Ariana,Ariana,Villa,À Vendre,575.0,4.0,4.0,688306.84451716
Tunis,Tunis,Villa,À Louer,400.0,2.0,4.0,670127.9187655379
La Manouba,La_Manouba,Maison,À Vendre,189.0,2.0,6.0,265000.0
Tunis,Tunis,Appartement,À Vendre,400.0,2.0,4.0,860000.0
Nabeul,Nabeul,Villa,À Vendre,420.0,1.0,3.0,680000.0
Ben Arous,Ben_Arous,Villa,À Vendre,256.0,2.0,4.0,594414.0279468726
Nabeul,Nabeul,Villa,À Vendre,385.0,3.0,6.0,1250000.0
Tunis,Tunis,Villa,À Vendre,470.0,4.0,7.0,767975.5811605612
Médenine,Mdenine,Villa,À Vendre,220.0,2.0,4.0,529515.8620544437
Sousse,Sousse,Villa,À Vendre,405.0,2.0,5.0,750000.0
Sousse,Sousse,Maison,À Vendre,180.0,2.0,2.0,150000.0
Ariana,Ariana,Villa,À Vendre,764.0,2.0,2.0,950000.0
Ben Arous,Ben_Arous,Villa,À Vendre,440.0,4.0,8.0,724844.8475813707
Ben Arous,Ben_Arous,Maison,À Vendre,85.0,3.0,8.0,160000.0
Nabeul,Nabeul,Villa,À Vendre,1085.0,3.0,4.0,600000.0
Ben Arous,Ben_Arous,Villa,À Vendre,350.0,5.0,6.0,550000.0
Ariana,Ariana,Appartement,À Vendre,150.0,1.0,3.0,400000.0
Tunis,Tunis,Villa,À Vendre,400.0,2.0,4.0,750000.0
Nabeul,Nabeul,Villa,À Vendre,530.0,2.0,4.0,650000.0
Tunis,Tunis,Maison,À Vendre,120.0,1.0,3.0,50000.0
Ben Arous,Ben_Arous,Villa,À Vendre,504.0,2.0,3.0,380000.0
Sfax,Sfax,Maison,À Louer,400.0,1.0,1.0,174525.3708177991
Tunis,Tunis,Villa,À Vendre,400.0,4.0,8.0,750000.0
Tunis,Tunis,Villa,À Vendre,411.0,5.0,8.0,1050000.0
Ben Arous,Ben_Arous,Villa,À Vendre,440.0,2.0,4.0,550000.0
Tunis,Tunis,Villa,À Vendre,550.0,2.0,8.0,970000.0
Ariana,Ariana,Villa,À Vendre,400.0,2.0,4.0,820000.0
Bizerte,Bizerte,Maison,À Vendre,103.0,2.0,4.0,218525.49159210792
Bizerte,Bizerte,Villa,À Vendre,206.0,2.0,3.0,470000.0
Tunis,Tunis,Villa,À Vendre,654.0,4.0,4.0,670359.6464470322
Tunis,Tunis,Villa,À Vendre,400.0,3.0,5.0,702765.7565412356
Tunis,Tunis,Appartement,À Vendre,136.0,1.0,3.0,500000.0
Tunis,Tunis,Villa,À Louer,240.0,2.0,8.0,440000.0
Nabeul,Nabeul,Maison,À Vendre,245.0,1.0,3.0,270000.0
Nabeul,Nabeul,Villa,À Vendre,391.0,4.0,10.0,1250000.0
Nabeul,Nabeul,Maison,À Vendre,743.0,2.0,4.0,660000.0
Tunis,Tunis,Villa,À Vendre,500.0,6.0,10.0,865813.0886502694
Ariana,Ariana,Maison,À Vendre,324.0,1.0,3.0,350000.0
Ariana,Ariana,Appartement,À Vendre,156.0,1.0,3.0,295000.0
Tunis,Tunis,Villa,À Vendre,463.0,4.0,5.0,702865.3725334785
Ben Arous,Ben_Arous,Appartement,À Vendre,200.0,1.0,3.0,490000.0
Ben Arous,Ben_Arous,Appartement,À Vendre,147.0,1.0,4.0,379000.0
Nabeul,Nabeul,Villa,À Vendre,318.0,4.0,4.0,1000000.0
Tunis,Tunis,Villa,À Vendre,520.0,4.0,6.0,980000.0
Tunis,Tunis,Maison,À Vendre,172.0,1.0,3.0,310667.11623180605
Ben Arous,Ben_Arous,Maison,À Vendre,90.0,1.0,3.0,98000.0
Ariana,Ariana,Villa,À Vendre,620.0,1.0,4.0,360000.0
Nabeul,Nabeul,Villa,À Vendre,520.0,4.0,5.0,761048.1744338486
Nabeul,Nabeul,Villa,À Vendre,1250.0,4.0,5.0,761233.5014558511
Bizerte,Bizerte,Villa,À Vendre,270.0,2.0,3.0,350000.0
Ariana,Ariana,Villa,À Vendre,380.0,6.0,5.0,1200000.0
Bizerte,Bizerte,Villa,À Vendre,252.0,2.0,1.0,449996.0
Ariana,Ariana,Maison,À Vendre,85.0,2.0,4.0,175000.0
Ben Arous,Ben_Arous,Villa,À Vendre,135.0,2.0,9.0,240000.0
Ben Arous,Ben_Arous,Villa,À Vendre,245.0,2.0,8.0,400000.0
Ben Arous,Ben_Arous,Villa,À Vendre,300.0,3.0,7.0,540000.0
Ben Arous,Ben_Arous,Maison,À Vendre,90.0,2.0,7.0,155000.0
Ben Arous,Ben_Arous,Villa,À Vendre,187.0,1.0,3.0,230000.0
Ben Arous,Ben_Arous,Villa,À Vendre,300.0,1.0,5.0,280000.0
Ben Arous,Ben_Arous,Appartement,À Vendre,150.0,2.0,4.0,350000.0
Ben Arous,Ben_Arous,Villa,À Vendre,400.0,3.0,7.0,650000.0
Ariana,Ariana,Villa,À Vendre,530.0,3.0,6.0,450000.0
Tunis,Tunis,Maison,À Vendre,100.0,2.0,8.0,210000.0
Ben Arous,Ben_Arous,Maison,À Vendre,135.0,2.0,8.0,240000.0
Ben Arous,Ben_Arous,Villa,À Vendre,187.0,1.0,5.0,235000.0
Tunis,Tunis,Villa,À Vendre,120.0,2.0,5.0,270000.0
Ariana,Ariana,Villa,À Vendre,260.0,5.0,4.0,688310.496654174
Ariana,Ariana,Villa,À Vendre,1000.0,3.0,6.0,753439.5498884153
Tunis,Tunis,Villa,sale,400.0,4.0,4.0,670295.1627982806
Tunis,Tunis,Villa,sale,400.0,2.0,4.0,670127.9187655379
Tunis,Tunis,Maison,À Vendre,280.0,2.0,8.0,473549.23528916016
Ariana,Ariana,Villa,À Vendre,350.0,1.0,4.0,420000.0
Nabeul,Nabeul,Maison,À Vendre,200.0,1.0,4.0,401396.77158514905
Sfax,Sfax,Maison,À Vendre,371.0,1.0,3.0,350000.0
Ben Arous,Ben_Arous,Villa,À Vendre,255.0,2.0,8.0,170000.0
Nabeul,Nabeul,Villa,À Vendre,260.0,2.0,3.0,1150000.0
Tunis,Tunis,Maison,À Vendre,100.0,2.0,4.0,343286.6751779364
Ariana,Ariana,Maison,À Vendre,330.0,1.0,4.0,361228.69787525263
Ben Arous,Ben_Arous,Villa,À Vendre,900.0,3.0,6.0,659769.5754574715
Nabeul,Nabeul,Appartement,À Vendre,100.0,2.0,2.0,220000.0
Ariana,Ariana,Villa,À Vendre,200.0,2.0,4.0,135000.0
La Manouba,La_Manouba,Appartement,À Vendre,200.0,1.0,2.0,175000.0
Le Kef,Le_Kef,Villa,À Vendre,314.0,1.0,5.0,467876.26394868694
Ben Arous,Ben_Arous,Villa,À Vendre,400.0,2.0,6.0,300000.0
Tunis,Tunis,Villa,À Vendre,325.0,2.0,4.0,670000.0
Ariana,Ariana,Appartement,À Vendre,150.0,2.0,3.0,550000.0
Nabeul,Nabeul,Villa,À Vendre,315.0,3.0,6.0,370000.0
Tunis,Tunis,Villa,À Vendre,520.0,2.0,6.0,950000.0
Sousse,Sousse,Villa,À Vendre,218.0,1.0,4.0,950000.0
Tunis,Tunis,Villa,À Vendre,520.0,2.0,7.0,975000.0
Sousse,Sousse,Villa,À Vendre,218.0,2.0,4.0,711050.9095130903
Tunis,Tunis,Villa,À Vendre,493.0,3.0,6.0,735343.5824554197
Ariana,Ariana,Villa,À Vendre,480.0,1.0,3.0,220000.0
Nabeul,Nabeul,Villa,À Vendre,400.0,2.0,4.0,850000.0
Ben Arous,Ben_Arous,Villa,À Vendre,518.0,3.0,6.0,800000.0
Sousse,Sousse,Villa,À Vendre,349.0,2.0,3.0,590000.0
La Manouba,La_Manouba,Maison,À Vendre,84.0,1.0,1.0,142190.00933187036
Tunis,Tunis,Villa,À Vendre,220.0,2.0,5.0,500000.0
Ariana,Ariana,Villa,À Vendre,600.0,3.0,5.0,1200000.0
Ben Arous,Ben_Arous,Villa,À Vendre,582.0,3.0,6.0,950000.0
Tunis,Tunis,Villa,À Vendre,500.0,3.0,8.0,680000.0
Tunis,Tunis,Villa,À Vendre,327.0,3.0,4.0,1150000.0
Tunis,Tunis,Villa,À Vendre,668.0,3.0,4.0,670279.5786475211
Sousse,Sousse,Villa,À Vendre,570.0,3.0,6.0,776332.3262148882
Sfax,Sfax,Maison,À Louer,130.0,1.0,4.0,150000.0
Tunis,Tunis,Maison,À Vendre,110.0,1.0,3.0,180000.0
Sousse,Sousse,Villa,À Vendre,228.0,1.0,4.0,288000.0
Tunis,Tunis,Appartement,À Vendre,112.0,1.0,2.0,220000.0
Ariana,Ariana,Villa,À Vendre,326.0,1.0,2.0,370000.0
Tunis,Tunis,Villa,À Vendre,236.0,2.0,5.0,1100000.0
Ben Arous,Ben_Arous,Appartement,À Vendre,117.0,1.0,3.0,270000.0
Tunis,Tunis,Villa,À Vendre,500.0,2.0,1.0,572490.6587508469
Bizerte,Bizerte,Villa,À Vendre,115.0,2.0,3.0,300000.0
Monastir,Monastir,Maison,À Vendre,203.0,1.0,2.0,125000.0
Ben Arous,Ben_Arous,Appartement,À Vendre,120.0,1.0,2.0,240000.0
Tunis,Tunis,Villa,À Vendre,268.0,3.0,5.0,570000.0
Tunis,Tunis,Villa,À Vendre,300.0,3.0,3.0,260000.0
Tunis,Tunis,Villa,À Vendre,450.0,4.0,5.0,1200000.0
Ariana,Ariana,Villa,À Vendre,800.0,6.0,9.0,1050000.0
Nabeul,Nabeul,Maison,À Vendre,300.0,1.0,3.0,250000.0
Ariana,Ariana,Villa,À Vendre,425.0,2.0,7.0,785764.1668674641
Nabeul,Nabeul,Villa,À Vendre,280.0,3.0,4.0,725000.0
Tunis,Tunis,Villa,À Vendre,420.0,3.0,4.0,670216.6182345669
Sfax,Sfax,Villa,À Vendre,630.0,2.0,3.0,305000.0
Sfax,Sfax,Villa,À Vendre,1276.0,2.0,4.0,850000.0
Sfax,Sfax,Villa,À Vendre,870.0,1.0,3.0,566518.2042716428
Sfax,Sfax,Villa,À Vendre,621.6,2.0,3.0,780000.0
Sfax,Sfax,Villa,À Vendre,800.0,2.0,4.0,725000.0
Bizerte,Bizerte,Villa,À Vendre,215.0,2.0,5.0,577873.2228840542
Ariana,Ariana,Villa,À Vendre,150.0,2.0,8.0,178000.0
Tunis,Tunis,Maison,À Vendre,200.0,1.0,4.0,370000.0
Sfax,Sfax,Maison,À Louer,465.0,2.0,4.0,272288.1418332867
Monastir,Monastir,Villa,À Vendre,320.0,3.0,6.0,217000.0
Sousse,Sousse,Villa,À Vendre,450.0,2.0,4.0,711109.8079639185
Nabeul,Nabeul,Villa,À Vendre,400.0,3.0,7.0,750000.0
Ariana,Ariana,Villa,À Vendre,435.0,1.0,3.0,240000.0
Ariana,Ariana,Villa,À Vendre,700.0,3.0,4.0,688254.9565798985
Ariana,Ariana,Villa,À Vendre,300.0,3.0,5.0,720707.6232860726
Ben Arous,Ben_Arous,Maison,À Vendre,180.0,2.0,4.0,280000.0
Sfax,Sfax,Villa,À Vendre,400.0,3.0,6.0,664228.7754449109
Sfax,Sfax,Villa,À Vendre,650.0,2.0,5.0,470000.0
Ben Arous,Ben_Arous,Villa,À Vendre,350.0,3.0,6.0,659629.9455093874
Tunis,Tunis,Appartement,À Vendre,100.0,2.0,3.0,320000.0
Tunis,Tunis,Villa,À Vendre,456.0,4.0,7.0,767972.0269437009
Ariana,Ariana,Villa,À Vendre,672.0,3.0,5.0,940000.0
Tunis,Tunis,Villa,À Vendre,228.0,4.0,5.0,450000.0
Le Kef,Le_Kef,Villa,À Vendre,576.0,2.0,8.0,680000.0
Sousse,Sousse,Appartement,À Vendre,400.0,1.0,3.0,280000.0
Ariana,Ariana,Villa,À Vendre,700.0,4.0,4.0,688338.57859627
Tunis,Tunis,Villa,À Vendre,400.0,2.0,2.0,585000.0
Tunis,Tunis,Villa,À Vendre,414.0,3.0,7.0,720000.0
Ben Arous,Ben_Arous,Villa,À Vendre,500.0,1.0,3.0,561838.1350935977
La Manouba,La_Manouba,Maison,À Vendre,100.0,2.0,5.0,272494.5563476731
Tunis,Tunis,Villa,À Vendre,365.0,3.0,8.0,800419.5182770637
Sousse,Sousse,Villa,À Vendre,600.0,2.0,8.0,850000.0
Ariana,Ariana,Villa,À Vendre,178.0,1.0,3.0,350000.0
Sfax,Sfax,Appartement,À Vendre,500.0,1.0,3.0,450000.0
Tunis,Tunis,Villa,À Vendre,360.0,1.0,3.0,750000.0
Tunis,Tunis,Villa,À Vendre,450.0,3.0,7.0,767886.8816915322
La Manouba,La_Manouba,Maison,À Vendre,250.0,2.0,8.0,370195.28452058416
Nabeul,Nabeul,Maison,À Vendre,133.0,1.0,2.0,155000.0
Ariana,Ariana,Villa,À Vendre,400.0,2.0,3.0,950000.0
Kairouan,Kairouan,Villa,À Vendre,380.0,2.0,5.0,680000.0
Sfax,Sfax,Villa,À Vendre,420.0,3.0,5.0,631679.6371382421
Ben Arous,Ben_Arous,Villa,À Vendre,463.0,1.0,3.0,530000.0
Sousse,Sousse,Appartement,À Vendre,200.0,2.0,4.0,476043.99820101715
Le Kef,Le_Kef,Villa,À Vendre,230.0,3.0,7.0,533130.6141989205
Ben Arous,Ben_Arous,Villa,À Vendre,220.0,2.0,6.0,659513.3200507415
Nabeul,Nabeul,Villa,À Vendre,87.0,2.0,2.0,95000.0
Ben Arous,Ben_Arous,Villa,À Vendre,400.0,3.0,5.0,780000.0
Ariana,Ariana,Appartement,À Vendre,190.0,2.0,3.0,780000.0
Ben Arous,Ben_Arous,Villa,À Vendre,172.0,2.0,4.0,594392.7026457107
Ben Arous,Ben_Arous,Villa,À Vendre,235.0,2.0,3.0,561854.4808622558
Ariana,Ariana,Villa,À Vendre,420.0,2.0,4.0,688100.2502263207
Sousse,Sousse,Villa,À Vendre,420.0,2.0,4.0,650000.0
Tunis,Tunis,Villa,À Vendre,253.0,2.0,4.0,600000.0
Nabeul,Nabeul,Appartement,À Vendre,100.0,1.0,2.0,120000.0
Tunis,Tunis,Villa,À Vendre,400.0,3.0,6.0,850000.0
Tunis,Tunis,Villa,À Vendre,201.0,1.0,2.0,680000.0
Tunis,Tunis,Villa,À Vendre,700.0,3.0,5.0,702841.9183310997
Tunis,Tunis,Villa,À Vendre,757.0,1.0,3.0,520000.0
Nabeul,Nabeul,Maison,À Vendre,420.0,2.0,4.0,401536.2455807541
Nabeul,Nabeul,Maison,À Vendre,150.0,2.0,4.0,300000.0
Ben Arous,Ben_Arous,Villa,À Vendre,800.0,3.0,4.0,594635.7566755309
Tunis,Tunis,Villa,À Vendre,1050.0,2.0,6.0,735401.3674955626
Nabeul,Nabeul,Villa,À Vendre,320.0,3.0,4.0,780000.0
Sousse,Sousse,Villa,À Vendre,300.0,2.0,5.0,1250000.0
Ariana,Ariana,Villa,À Vendre,235.0,1.0,3.0,655415.44601354
Ben Arous,Ben_Arous,Villa,À Vendre,232.0,2.0,5.0,435000.0
Ariana,Ariana,Villa,À Vendre,469.0,1.0,7.0,785691.7152469393
Ariana,Ariana,Appartement,À Vendre,188.0,2.0,3.0,830000.0
Tunis,Tunis,Maison,À Vendre,200.0,2.0,5.0,375866.27820055076
Ben Arous,Ben_Arous,Maison,À Vendre,189.0,2.0,2.0,202523.50516407963
Mahdia,Mahdia,Maison,À Vendre,1421.0,1.0,1.0,190000.0
Nabeul,Nabeul,Maison,À Vendre,189.0,1.0,3.0,250000.0
Tunis,Tunis,Villa,À Vendre,661.0,2.0,4.0,650000.0
Bizerte,Bizerte,Maison,À Vendre,148.0,1.0,1.0,280000.0
Tunis,Tunis,Appartement,À Vendre,414.0,1.0,3.0,900000.0
Ariana,Ariana,Villa,À Vendre,430.0,2.0,3.0,850000.0
Nabeul,Nabeul,Villa,À Vendre,350.0,2.0,4.0,800000.0
Nabeul,Nabeul,Villa,À Vendre,840.0,5.0,5.0,761213.0356927416
Nabeul,Nabeul,Villa,À Vendre,360.0,3.0,5.0,850000.0
Monastir,Monastir,Villa,À Vendre,1255.0,2.0,6.0,485290.3732391918
Bizerte,Bizerte,Villa,À Vendre,400.0,4.0,7.0,530000.0
Ben Arous,Ben_Arous,Appartement,À Vendre,120.0,2.0,2.0,294268.7281454669
Tunis,Tunis,Villa,À Vendre,225.0,2.0,3.0,450000.0
Nabeul,Nabeul,Maison,À Vendre,150.0,2.0,6.0,480000.0
Sousse,Sousse,Maison,À Vendre,314.0,2.0,3.0,830000.0
Tunis,Tunis,Villa,À Vendre,344.0,2.0,3.0,670000.0
Ben Arous,Ben_Arous,Appartement,À Vendre,200.0,2.0,4.0,480000.0
Bizerte,Bizerte,Villa,À Vendre,609.0,1.0,3.0,520000.0
Tunis,Tunis,Villa,À Vendre,520.0,2.0,7.0,767821.0307594624
Nabeul,Nabeul,Villa,À Vendre,200.0,3.0,1.0,250002.0
Tunis,Tunis,Maison,À Vendre,105.0,1.0,3.0,170000.0
Ben Arous,Ben_Arous,Villa,À Vendre,210.0,2.0,6.0,380000.0
Ben Arous,Ben_Arous,Villa,À Vendre,400.0,2.0,8.0,320000.0
Ben Arous,Ben_Arous,Villa,À Vendre,168.0,1.0,4.0,230000.0
Sousse,Sousse,Appartement,À Vendre,70.0,1.0,2.0,410818.9412237187
Sfax,Sfax,Appartement,À Vendre,220.0,1.0,4.0,230000.0
Ben Arous,Ben_Arous,Appartement,À Vendre,117.0,1.0,3.0,150000.0
Ariana,Ariana,Villa,À Vendre,640.0,4.0,4.0,688323.3462382972
Ariana,Ariana,Villa,À Vendre,300.0,5.0,5.0,720874.8673188156
Tunis,Tunis,Villa,À Vendre,334.0,5.0,7.0,768024.676498861
Nabeul,Nabeul,Maison,À Vendre,120.0,1.0,2.0,336268.030255866
Ariana,Ariana,Villa,À Vendre,636.0,2.0,4.0,320000.0
Ben Arous,Ben_Arous,Maison,À Vendre,150.0,1.0,3.0,234984.19787435222
Ben Arous,Ben_Arous,Villa,À Vendre,400.0,3.0,4.0,594534.2076223788
Nabeul,Nabeul,Villa,À Vendre,240.0,2.0,4.0,450000.0
Sousse,Sousse,Maison,À Vendre,520.0,1.0,4.0,420000.0
Bizerte,Bizerte,Villa,À Vendre,538.0,3.0,8.0,750000.0
Nabeul,Nabeul,Villa,À Vendre,345.0,2.0,4.0,728282.2869310254
Tunis,Tunis,Villa,À Vendre,270.0,3.0,7.0,550000.0
Nabeul,Nabeul,Villa,À Vendre,217.0,2.0,5.0,650000.0
Sfax,Sfax,Villa,À Vendre,140.0,1.0,4.0,598887.0930089665
Tunis,Tunis,Villa,À Vendre,370.0,3.0,3.0,1250000.0
Nabeul,Nabeul,Villa,À Vendre,536.0,3.0,3.0,850000.0
Sfax,Sfax,Villa,À Vendre,870.0,1.0,2.0,420000.0
Monastir,Monastir,Villa,À Vendre,200.0,2.0,5.0,600000.0
Ariana,Ariana,Villa,À Vendre,238.0,3.0,4.0,370000.0
Nabeul,Nabeul,Villa,À Vendre,211.0,6.0,8.0,470000.0
Sousse,Sousse,Maison,À Vendre,125.0,2.0,2.0,160000.0
Sousse,Sousse,Villa,À Vendre,500.0,1.0,3.0,460000.0
Le Kef,Le_Kef,Villa,À Vendre,230.0,1.0,2.0,200000.0
Tunis,Tunis,Appartement,À Vendre,95.0,2.0,4.0,680000.0
Ben Arous,Ben_Arous,Villa,À Vendre,582.0,1.0,6.0,950000.0
Nabeul,Nabeul,Villa,À Vendre,900.0,4.0,5.0,761144.6460343432
Tunis,Tunis,Villa,À Vendre,400.0,2.0,4.0,670127.9187655379
Ben Arous,Ben_Arous,Villa,À Vendre,520.0,4.0,8.0,600000.0
Tunis,Tunis,Maison,À Vendre,100.0,1.0,3.0,310648.8374022387
Gabès,Gabs,Villa,À Vendre,400.0,2.0,5.0,477265.4051570567
Sfax,Sfax,Villa,À Vendre,684.0,2.0,5.0,631663.0374969512
Sousse,Sousse,Villa,À Vendre,400.0,2.0,4.0,711097.1143322745
Ariana,Ariana,Villa,À Vendre,230.0,2.0,5.0,720606.2301853998
Nabeul,Nabeul,Maison,À Vendre,230.0,1.0,5.0,433958.6035234618
Bizerte,Bizerte,Maison,À Vendre,121.0,2.0,4.0,280000.0
Sfax,Sfax,Villa,À Vendre,920.0,3.0,9.0,735000.0
Tunis,Tunis,Appartement,À Vendre,205.0,2.0,3.0,580000.0
Nabeul,Nabeul,Appartement,À Vendre,433.0,1.0,2.0,850000.0
Nabeul,Nabeul,Villa,À Vendre,834.0,2.0,4.0,728406.4306485038
Zaghouan,Zaghouan,Villa,À Vendre,400.0,1.0,4.0,230000.0
Tunis,Tunis,Appartement,À Vendre,155.0,2.0,3.0,570000.0
Sousse,Sousse,Villa,À Vendre,260.0,2.0,3.0,678507.356404345
Médenine,Mdenine,Villa,À Vendre,500.0,2.0,3.0,497032.7306323238
Ariana,Ariana,Villa,À Vendre,380.0,1.0,3.0,410000.0
Nabeul,Nabeul,Villa,À Vendre,90.0,2.0,2.0,300000.0
Nabeul,Nabeul,Villa,À Vendre,269.0,1.0,3.0,400000.0
Ariana,Ariana,Appartement,À Vendre,207.0,2.0,3.0,265000.0
Sousse,Sousse,Maison,À Vendre,189.0,1.0,4.0,384194.84339262807
Bizerte,Bizerte,Villa,À Vendre,430.0,1.0,3.0,600000.0
Sfax,Sfax,Villa,À Vendre,1133.0,1.0,4.0,520000.0
Tunis,Tunis,Villa,À Vendre,479.0,3.0,6.0,900000.0
Sousse,Sousse,Maison,À Vendre,500.0,3.0,6.0,1200000.0
Ben Arous,Ben_Arous,Maison,À Vendre,260.0,1.0,5.0,300120.55538262165
Tunis,Tunis,Maison,À Vendre,90.0,1.0,2.0,278092.0829165836
Ben Arous,Ben_Arous,Appartement,À Vendre,125.0,2.0,3.0,326824.2132679576
Ben Arous,Ben_Arous,Appartement,À Vendre,200.0,1.0,4.0,350000.0
La Manouba,La_Manouba,Villa,À Vendre,400.0,2.0,7.0,630000.0
La Manouba,La_Manouba,Villa,À Vendre,500.0,3.0,6.0,631999.0249742602
Tunis,Tunis,Villa,À Vendre,450.0,2.0,4.0,670140.6123971818
Bizerte,Bizerte,Maison,À Vendre,504.0,1.0,3.0,109999.0
Sfax,Sfax,Villa,À Vendre,350.0,1.0,3.0,566386.1905025451
Kairouan,Kairouan,Maison,À Vendre,340.0,1.0,3.0,410000.0
Sousse,Sousse,Villa,À Vendre,465.0,2.0,4.0,1250000.0
Nabeul,Nabeul,Villa,À Vendre,450.0,3.0,4.0,400000.0
Zaghouan,Zaghouan,Villa,À Vendre,610.0,4.0,5.0,790000.0
Tunis,Tunis,Villa,À Vendre,749.0,3.0,6.0,735408.5738494371
Nabeul,Nabeul,Villa,À Vendre,500.0,2.0,3.0,700000.0
Ariana,Ariana,Maison,À Vendre,110.0,1.0,2.0,145000.0
Tunis,Tunis,Villa,À Vendre,230.0,6.0,8.0,800636.1115207392
Ben Arous,Ben_Arous,Appartement,À Vendre,220.0,2.0,4.0,359402.54692740756
Tunis,Tunis,Villa,À Vendre,140.0,1.0,4.0,669978.2898646176
Nabeul,Nabeul,Maison,À Vendre,189.0,1.0,6.0,466502.41050484
Nabeul,Nabeul,Villa,À Vendre,700.0,4.0,4.0,1050000.0
Monastir,Monastir,Villa,À Vendre,209.0,1.0,4.0,235000.0
Ariana,Ariana,Maison,À Vendre,230.0,2.0,4.0,361286.932628336
Bizerte,Bizerte,Villa,À Vendre,150.0,1.0,4.0,380000.0
Bizerte,Bizerte,Maison,À Vendre,160.0,1.0,2.0,153347.90879715804
Ariana,Ariana,Maison,À Vendre,116.0,2.0,5.0,393812.206907514
Ben Arous,Ben_Arous,Maison,À Vendre,190.0,2.0,4.0,269000.0
Gabès,Gabs,Villa,À Vendre,400.0,2.0,7.0,270000.0
Ben Arous,Ben_Arous,Maison,À Vendre,100.0,1.0,3.0,234971.5042427082
Gabès,Gabs,Maison,À Vendre,500.0,2.0,6.0,183079.92638193368
Médenine,Mdenine,Villa,À Vendre,490.0,2.0,5.0,562138.6234246476
Nabeul,Nabeul,Maison,À Vendre,200.0,1.0,2.0,330000.0
Nabeul,Nabeul,Villa,À Vendre,834.0,3.0,4.0,728490.0526648753
Tunis,Tunis,Villa,À Vendre,700.0,2.0,4.0,670204.080555402
Mahdia,Mahdia,Appartement,À Vendre,300.0,1.0,4.0,350000.0
Tunis,Tunis,Villa,À Vendre,740.0,5.0,6.0,735573.5330284841
Sousse,Sousse,Villa,À Vendre,587.0,4.0,9.0,1050000.0
Ariana,Ariana,Villa,À Vendre,150.0,1.0,3.0,655393.8668397453
Sousse,Sousse,Villa,À Vendre,500.0,4.0,10.0,906615.0401842634
Tunis,Tunis,Villa,À Vendre,118.0,2.0,2.0,350000.0
Nabeul,Nabeul,Villa,À Vendre,485.0,2.0,4.0,728317.8290996286
Ariana,Ariana,Villa,À Vendre,300.0,3.0,8.0,630000.0
La Manouba,La_Manouba,Villa,À Vendre,409.0,3.0,8.0,550000.0
Tunis,Tunis,Villa,À Vendre,300.0,2.0,5.0,650000.0
Nabeul,Nabeul,Villa,À Vendre,480.0,2.0,2.0,680000.0
Sfax,Sfax,Maison,sale,189.0,1.0,4.0,272134.45097024034
Ariana,Ariana,Villa,À Vendre,459.0,2.0,4.0,688110.151259003
Ariana,Ariana,Villa,À Vendre,528.0,2.0,6.0,753236.0999893243
Tunis,Tunis,Villa,À Vendre,486.0,2.0,2.0,605041.3202933129
Bizerte,Bizerte,Villa,À Vendre,315.0,3.0,5.0,360000.0
Ariana,Ariana,Villa,À Vendre,121.0,2.0,2.0,622915.9107904368
Ben Arous,Ben_Arous,Villa,À Vendre,562.0,3.0,5.0,627129.5507482316
Ariana,Ariana,Appartement,À Vendre,300.0,2.0,4.0,453067.44390569365
Sousse,Sousse,Villa,À Vendre,280.0,2.0,6.0,570000.0
Siliana,Siliana,Maison,À Vendre,110.0,1.0,3.0,328618.63013669266
Ariana,Ariana,Villa,À Vendre,110.0,1.0,1.0,135000.0
Médenine,Mdenine,Maison,À Vendre,300.0,1.0,2.0,137579.03653231266
Ben Arous,Ben_Arous,Villa,À Vendre,400.0,1.0,3.0,500000.0
Ariana,Ariana,Appartement,À Vendre,111.0,1.0,2.0,260000.0
Sfax,Sfax,Villa,À Vendre,400.0,2.0,4.0,599036.7219098868
Médenine,Mdenine,Villa,À Vendre,359.0,3.0,3.0,500000.0
Nabeul,Nabeul,Villa,À Vendre,600.0,5.0,4.0,728597.8905015241
Ariana,Ariana,Maison,À Vendre,140.0,1.0,4.0,120000.0
Tunis,Tunis,Maison,À Vendre,189.0,1.0,4.0,343225.6478258913
Tunis,Tunis,Maison,À Vendre,120.0,2.0,5.0,375845.9683899203
Ariana,Ariana,Villa,À Vendre,330.0,3.0,8.0,350000.0
Sousse,Sousse,Villa,À Vendre,120.0,3.0,3.0,470000.0
Tunis,Tunis,Maison,À Vendre,150.0,5.0,6.0,450000.0
Nabeul,Nabeul,Appartement,À Vendre,200.0,1.0,1.0,170000.0
Nabeul,Nabeul,Villa,À Vendre,890.0,2.0,3.0,870000.0
Ariana,Ariana,Villa,À Vendre,400.0,1.0,3.0,200000.0
Nabeul,Nabeul,Maison,À Vendre,150.0,2.0,3.0,368913.48421055014
Nabeul,Nabeul,Appartement,À Vendre,106.0,1.0,2.0,190000.0
Tunis,Tunis,Villa,À Vendre,102.0,2.0,3.0,310000.0
Tunis,Tunis,Villa,À Vendre,500.0,2.0,6.0,750000.0
Ariana,Ariana,Villa,À Vendre,240.0,4.0,4.0,950000.0
Ben Arous,Ben_Arous,Villa,À Vendre,100.0,1.0,3.0,561736.5860404456
Nabeul,Nabeul,Villa,À Vendre,600.0,2.0,3.0,690000.0
Sfax,Sfax,Maison,À Vendre,240.0,2.0,6.0,280000.0
Tunis,Tunis,Appartement,À Vendre,110.0,1.0,2.0,380000.0
Jendouba,Jendouba,Villa,À Vendre,600.0,1.0,5.0,543095.460149854
Ariana,Ariana,Villa,À Vendre,1100.0,3.0,6.0,753464.9371517033
Ben Arous,Ben_Arous,Appartement,À Vendre,160.0,1.0,3.0,326749.47679373703
Sousse,Sousse,Appartement,À Vendre,150.0,1.0,4.0,475947.68255300174
Tunis,Tunis,Villa,À Vendre,350.0,3.0,4.0,1250000.0
Nabeul,Nabeul,Villa,À Vendre,320.0,2.0,4.0,990000.0
Nabeul,Nabeul,Villa,À Vendre,200.0,3.0,4.0,750000.0
Nabeul,Nabeul,Maison,À Vendre,450.0,1.0,3.0,230000.0
Monastir,Monastir,Villa,À Vendre,400.0,2.0,4.0,419964.8806194265
Nabeul,Nabeul,Villa,À Vendre,210.0,4.0,3.0,695861.0423990032
Ben Arous,Ben_Arous,Villa,À Vendre,529.0,4.0,7.0,1200000.0
Zaghouan,Zaghouan,Villa,À Vendre,400.0,1.0,4.0,580000.0
Nabeul,Nabeul,Villa,À Vendre,1053.0,4.0,5.0,1100000.0
Nabeul,Nabeul,Villa,À Vendre,450.0,4.0,4.0,1250000.0
Sousse,Sousse,Maison,À Vendre,277.0,1.0,3.0,249000.0
Sousse,Sousse,Appartement,À Vendre,314.0,1.0,3.0,443435.1019054678
Ben Arous,Ben_Arous,Maison,À Vendre,630.0,2.0,6.0,950000.0
Bizerte,Bizerte,Maison,À Vendre,162.0,2.0,6.0,283648.90159610054
Ariana,Ariana,Villa,À Vendre,500.0,4.0,6.0,700000.0
Médenine,Mdenine,Maison,À Vendre,189.0,1.0,4.0,202659.28818871558
Ariana,Ariana,Villa,À Vendre,440.0,4.0,9.0,280000.0
Nabeul,Nabeul,Villa,À Vendre,481.0,1.0,3.0,695678.9758333995
Nabeul,Nabeul,Villa,À Vendre,571.0,4.0,6.0,793615.3376974518
Nabeul,Nabeul,Villa,À Vendre,224.0,2.0,4.0,728251.5683424469
La Manouba,La_Manouba,Maison,À Vendre,240.0,2.0,6.0,305084.3142756027
Médenine,Mdenine,Villa,À Vendre,519.0,2.0,3.0,450000.0
Médenine,Mdenine,Villa,À Vendre,158.0,2.0,3.0,496945.9061918787
Ariana,Ariana,Villa,À Vendre,220.0,2.0,3.0,200000.0
Médenine,Mdenine,Villa,À Vendre,550.0,4.0,6.0,520000.0
Sousse,Sousse,Maison,À Vendre,215.0,1.0,3.0,225000.0
Ariana,Ariana,Villa,À Vendre,120.0,2.0,2.0,210000.0
Tunis,Tunis,Villa,À Vendre,888.0,2.0,8.0,1200000.0
Nabeul,Nabeul,Villa,À Vendre,385.0,3.0,4.0,728376.063852712
Sousse,Sousse,Villa,À Vendre,1000.0,2.0,5.0,980000.0
Ben Arous,Ben_Arous,Villa,À Vendre,400.0,2.0,3.0,365000.0
Ben Arous,Ben_Arous,Maison,À Vendre,500.0,2.0,6.0,332819.32259021065
Ariana,Ariana,Villa,À Vendre,300.0,2.0,3.0,240000.0
Nabeul,Nabeul,Villa,À Vendre,400.0,3.0,5.0,580000.0
Monastir,Monastir,Maison,,189.0,1.0,2.0,70000.0
Ariana,Ariana,Villa,À Vendre,630.0,2.0,4.0,400000.0
Ariana,Ariana,Villa,À Vendre,400.0,2.0,3.0,650000.0
Sfax,Sfax,Maison,À Vendre,110.0,1.0,3.0,239560.17927291646
Sousse,Sousse,Maison,À Vendre,150.0,1.0,3.0,220000.0
Nabeul,Nabeul,Villa,À Vendre,700.0,4.0,5.0,1050000.0
Tunis,Tunis,Villa,À Vendre,230.0,4.0,5.0,702806.2202100174
Sousse,Sousse,Appartement,À Vendre,120.0,1.0,3.0,443385.850614689
Bizerte,Bizerte,Maison,À Vendre,200.0,2.0,4.0,218550.11723749732
Monastir,Monastir,Appartement,À Vendre,471.0,2.0,4.0,184980.56397167966
Sfax,Sfax,Villa,,400.0,2.0,4.0,599036.7219098868
Ben Arous,Ben_Arous,Appartement,À Vendre,175.0,2.0,3.0,326836.9068996016
Ben Arous,Ben_Arous,Villa,À Vendre,430.0,2.0,6.0,750000.0
Sousse,Sousse,Villa,À Vendre,100.0,2.0,4.0,711020.9525424105
Tunis,Tunis,Appartement,À Vendre,192.0,2.0,3.0,270000.0
Tunis,Tunis,Villa,À Vendre,266.0,4.0,4.0,730000.0
Ariana,Ariana,Villa,À Vendre,470.0,2.0,5.0,980000.0
Ben Arous,Ben_Arous,Villa,À Vendre,1440.0,4.0,8.0,1200000.0
Nabeul,Nabeul,Maison,À Vendre,107.0,2.0,5.0,434010.99920598895
Nabeul,Nabeul,Villa,À Vendre,400.0,3.0,4.0,799999.0
Ariana,Ariana,Villa,À Vendre,400.0,1.0,5.0,480000.0
Tunis,Tunis,Villa,À Vendre,670.0,2.0,9.0,832967.543173047
Nabeul,Nabeul,Villa,À Vendre,700.0,5.0,4.0,1050000.0
Ben Arous,Ben_Arous,Villa,À Vendre,437.0,3.0,5.0,780000.0
Ariana,Ariana,Villa,À Vendre,480.0,4.0,4.0,1150000.0
Ben Arous,Ben_Arous,Villa,À Vendre,340.0,1.0,2.0,750000.0
La Manouba,La_Manouba,Appartement,À Vendre,210.0,2.0,4.0,331731.00677101966
Ariana,Ariana,Villa,À Vendre,378.0,1.0,6.0,753114.397078021
Nabeul,Nabeul,Villa,À Vendre,779.0,2.0,3.0,695838.2518943691
Nabeul,Nabeul,Villa,À Vendre,400.0,2.0,3.0,695742.0341665075
Nabeul,Nabeul,Villa,À Vendre,205.0,2.0,4.0,645000.0
Béja,Bja,Villa,À Vendre,278.0,1.0,5.0,451952.34400259424
Sfax,Sfax,Villa,À Vendre,878.0,1.0,3.0,1250000.0
Ben Arous,Ben_Arous,Villa,À Vendre,400.0,2.0,4.0,220000.0
Tunis,Tunis,Villa,À Vendre,250.0,1.0,3.0,190000.0
Tunis,Tunis,Maison,,189.0,3.0,4.0,343392.8918586342
Bizerte,Bizerte,Villa,À Vendre,400.0,2.0,4.0,545365.9735618108
Sousse,Sousse,Villa,À Vendre,506.0,2.0,4.0,711124.0248313599
Tunis,Tunis,Maison,À Vendre,100.0,2.0,3.0,315000.0
La Manouba,La_Manouba,Villa,À Vendre,500.0,3.0,4.0,566890.5934556078
Ariana,Ariana,Maison,À Vendre,200.0,1.0,2.0,330000.0
Nabeul,Nabeul,Maison,À Vendre,460.0,1.0,3.0,368908.56271037157
Monastir,Monastir,Maison,À Vendre,185.0,2.0,4.0,295000.0
Nabeul,Nabeul,Villa,À Vendre,1200.0,4.0,8.0,858883.4551021862
Tunis,Tunis,Villa,À Vendre,750.0,6.0,6.0,850000.0
Ariana,Ariana,Villa,À Vendre,1250.0,4.0,5.0,1100000.0
Ariana,Ariana,Villa,À Vendre,170.0,2.0,5.0,720590.9978274269
Sousse,Sousse,Villa,À Vendre,638.0,2.0,7.0,808820.183296879
Jendouba,Jendouba,Maison,À Vendre,189.0,1.0,6.0,250000.0
Ben Arous,Ben_Arous,Maison,À Vendre,126.5,1.0,2.0,175000.0
Ben Arous,Ben_Arous,Appartement,À Vendre,220.0,1.0,3.0,230000.0
Ariana,Ariana,Villa,À Vendre,275.0,1.0,3.0,300000.0
Ariana,Ariana,Villa,À Vendre,380.0,3.0,3.0,990000.0
Ben Arous,Ben_Arous,Villa,À Vendre,190.0,1.0,4.0,170000.0
Sousse,Sousse,Villa,À Vendre,160.0,1.0,3.0,260000.0
Ben Arous,Ben_Arous,Villa,À Vendre,324.0,3.0,7.0,692177.5605802588
Nabeul,Nabeul,Maison,À Vendre,140.0,1.0,3.0,368827.3234678499
Sousse,Sousse,Villa,À Vendre,1132.0,4.0,6.0,776558.6246509383
Sousse,Sousse,Villa,À Vendre,740.0,5.0,7.0,809096.944354547
Ben Arous,Ben_Arous,Villa,À Vendre,485.0,4.0,10.0,1100000.0
Ariana,Ariana,Villa,,400.0,2.0,4.0,688095.172773663
Ariana,Ariana,Villa,À Vendre,220.0,1.0,2.0,190000.0
Ben Arous,Ben_Arous,Villa,À Vendre,436.0,3.0,4.0,594543.3470371624
Ben Arous,Ben_Arous,Villa,À Vendre,1220.0,2.0,8.0,724875.6242022745
Tunis,Tunis,Maison,À Vendre,189.0,1.0,3.0,230000.0
Sfax,Sfax,Maison,À Vendre,400.0,1.0,3.0,239633.8023364517
Ben Arous,Ben_Arous,Maison,À Vendre,70.0,2.0,4.0,267601.7258394195
Ariana,Ariana,Maison,À Vendre,250.0,2.0,4.0,361292.01008099364
Sfax,Sfax,Villa,À Vendre,870.0,1.0,2.0,430000.0
Ariana,Ariana,Maison,À Vendre,151.0,1.0,2.0,115000.0
Ariana,Ariana,Villa,À Vendre,538.0,2.0,4.0,360000.0
Ariana,Ariana,Villa,À Vendre,460.0,3.0,4.0,825000.0
Tunis,Tunis,Villa,À Vendre,800.0,4.0,5.0,702950.9276107592
Ariana,Ariana,Villa,À Louer,350.0,2.0,3.0,450000.0
Tunis,Tunis,Villa,À Vendre,800.0,6.0,6.0,735672.3874028283
Ariana,Ariana,Appartement,À Vendre,230.0,1.0,2.0,130000.0
Sousse,Sousse,Villa,À Vendre,200.0,2.0,3.0,678492.1240463721
Ariana,Ariana,Villa,À Vendre,420.0,5.0,9.0,1250000.0
Ben Arous,Ben_Arous,Villa,À Vendre,400.0,3.0,6.0,350000.0
Ariana,Ariana,Villa,À Vendre,538.0,2.0,4.0,370000.0
Ariana,Ariana,Appartement,À Vendre,200.0,2.0,3.0,600000.0
Nabeul,Nabeul,Villa,À Vendre,487.0,4.0,4.0,1250000.0
Tunis,Tunis,Villa,À Vendre,500.0,3.0,1.0,572574.2807672183
Ariana,Ariana,Villa,À Vendre,460.0,3.0,5.0,720748.2429073337
Nabeul,Nabeul,Villa,À Vendre,200.0,1.0,2.0,410000.0
Ariana,Ariana,Villa,À Vendre,880.0,3.0,4.0,688300.653653817
Ariana,Ariana,Maison,À Vendre,189.0,1.0,4.0,280000.0
Ariana,Ariana,Maison,À Vendre,187.0,1.0,3.0,328638.17832942447
Tunis,Tunis,Villa,À Vendre,526.0,2.0,4.0,670159.9067172809
Tunis,Tunis,Villa,À Vendre,415.0,4.0,9.0,650000.0
Tunis,Tunis,Villa,À Vendre,200.0,2.0,3.0,637522.9284796354
Ben Arous,Ben_Arous,Villa,À Vendre,600.0,3.0,8.0,800000.0
Ben Arous,Ben_Arous,Villa,À Vendre,386.0,4.0,6.0,620000.0
Tunis,Tunis,Villa,À Vendre,574.0,3.0,4.0,670255.7146200305
Tunis,Tunis,Villa,À Vendre,150.0,1.0,4.0,669980.8285909464
Sousse,Sousse,Appartement,À Vendre,417.0,2.0,4.0,450000.0
Tunis,Tunis,Villa,À Vendre,580.0,4.0,3.0,1200000.0
Ariana,Ariana,Villa,À Vendre,702.0,3.0,9.0,851026.5431217959
Sousse,Sousse,Villa,À Vendre,800.0,4.0,2.0,646257.4758995168
Bizerte,Bizerte,Maison,À Vendre,220.0,3.0,5.0,251193.03246585262
La Manouba,La_Manouba,Villa,À Vendre,328.0,2.0,4.0,650000.0
Ariana,Ariana,Villa,À Vendre,550.0,1.0,3.0,655495.4158928974
Sfax,Sfax,Appartement,À Vendre,73.0,1.0,2.0,76000.0
Sousse,Sousse,Villa,À Vendre,280.0,2.0,4.0,950000.0
Nabeul,Nabeul,Villa,À Vendre,245.0,2.0,3.0,589999.0
Ben Arous,Ben_Arous,Villa,À Vendre,80.0,1.0,2.0,300000.0
Ben Arous,Ben_Arous,Appartement,À Louer,314.0,2.0,3.0,650000.0
Tunis,Tunis,Villa,À Vendre,400.0,2.0,5.0,820000.0
Nabeul,Nabeul,Villa,À Vendre,600.0,4.0,5.0,800000.0
Tunis,Tunis,Villa,À Vendre,330.0,2.0,6.0,735218.579199889
Ben Arous,Ben_Arous,Villa,À Vendre,270.0,2.0,4.0,590000.0
Ben Arous,Ben_Arous,Appartement,À Vendre,140.0,2.0,3.0,395000.0
Tunis,Tunis,Villa,À Vendre,150.0,3.0,8.0,800364.9356609945
Sousse,Sousse,Villa,À Vendre,414.0,2.0,7.0,808763.3158271138
Nabeul,Nabeul,Villa,À Vendre,443.0,3.0,4.0,1180000.0
Sfax,Sfax,Villa,sale,400.0,2.0,4.0,470000.0
Tunis,Tunis,Villa,À Vendre,285.0,4.0,4.0,670265.9674454995
Ben Arous,Ben_Arous,Villa,À Vendre,400.0,1.0,4.0,620000.0
Tunis,Tunis,Villa,À Vendre,280.0,3.0,4.0,950000.0
Nabeul,Nabeul,Maison,À Vendre,300.0,3.0,5.0,434143.6186405062
Tunis,Tunis,Villa,À Vendre,530.0,4.0,4.0,670328.1662405551
Nabeul,Nabeul,Villa,À Vendre,300.0,3.0,1.0,630691.8374009383
Nabeul,Nabeul,Villa,À Vendre,285.0,3.0,4.0,728350.676589424
Tunis,Tunis,Villa,À Vendre,587.0,2.0,4.0,670175.3929478865
Ariana,Ariana,Appartement,À Vendre,220.0,2.0,4.0,750000.0
Sousse,Sousse,Villa,À Vendre,435.0,2.0,3.0,678551.784115099
Ben Arous,Ben_Arous,Maison,À Vendre,269.0,2.0,6.0,332760.6780120153
Tunis,Tunis,Villa,À Vendre,430.0,3.0,5.0,870000.0
Ben Arous,Ben_Arous,Villa,À Vendre,316.0,4.0,4.0,800000.0
Nabeul,Nabeul,Villa,À Vendre,300.0,3.0,5.0,760908.7004382436
Sfax,Sfax,Villa,À Vendre,160.0,2.0,4.0,220000.0
Béja,Bja,Villa,À Vendre,477.0,4.0,9.0,582470.5937429569
Tunis,Tunis,Villa,À Vendre,772.0,6.0,10.0,865882.1420064128
Sousse,Sousse,Villa,À Vendre,600.0,3.0,10.0,906556.8054311799
Tunis,Tunis,Villa,À Vendre,220.0,2.0,5.0,702636.4374509457
Tunis,Tunis,Appartement,À Vendre,128.0,2.0,4.0,420000.0
Ben Arous,Ben_Arous,Villa,À Vendre,470.0,2.0,5.0,680000.0
Ben Arous,Ben_Arous,Villa,À Vendre,520.0,2.0,6.0,500000.0
Ben Arous,Ben_Arous,Villa,À Vendre,340.0,3.0,7.0,500000.0
Tunis,Tunis,Villa,À Vendre,500.0,3.0,4.0,670236.9280451974
Tunis,Tunis,Villa,À Vendre,368.0,4.0,6.0,735395.4703926812
Ben Arous,Ben_Arous,Villa,À Vendre,450.0,2.0,7.0,600000.0
Nabeul,Nabeul,Villa,À Vendre,225.0,2.0,3.0,670000.0
Nabeul,Nabeul,Villa,À Vendre,1012.0,2.0,3.0,1050000.0
Tunis,Tunis,Appartement,À Vendre,200.0,2.0,3.0,499999.0
Sfax,Sfax,Maison,À Vendre,120.0,1.0,3.0,120000.0
Ariana,Ariana,Villa,À Vendre,468.0,2.0,5.0,830000.0
Tunis,Tunis,Maison,À Vendre,75.0,1.0,3.0,310642.4905864167
Sfax,Sfax,Maison,À Vendre,600.0,2.0,4.0,400000.0
Kairouan,Kairouan,Villa,À Vendre,520.0,3.0,5.0,550000.0
Kairouan,Kairouan,Maison,À Vendre,138.0,2.0,5.0,230000.0
Ariana,Ariana,Villa,À Vendre,429.0,4.0,3.0,881000.0
Nabeul,Nabeul,Villa,À Vendre,968.0,3.0,4.0,728524.0715976813
Tunis,Tunis,Appartement,À Vendre,450.0,2.0,3.0,560000.0
Tunis,Tunis,Villa,À Vendre,498.0,4.0,8.0,800536.9053536083
Tunis,Tunis,Villa,À Vendre,350.0,1.0,2.0,604923.1715988698
Jendouba,Jendouba,Maison,À Vendre,189.0,1.0,4.0,183671.82094067652
Ariana,Ariana,Villa,À Vendre,200.0,3.0,9.0,230000.0
Tunis,Tunis,Maison,À Vendre,100.0,2.0,3.0,310732.4594186101
Kairouan,Kairouan,Maison,À Vendre,106.0,1.0,4.0,50000.0
Sousse,Sousse,Villa,À Vendre,450.0,1.0,3.0,950000.0
Bizerte,Bizerte,Villa,À Vendre,450.0,3.0,5.0,680000.0
Tunis,Tunis,Maison,À Vendre,200.0,1.0,5.0,320000.0
Ben Arous,Ben_Arous,Villa,À Vendre,288.0,3.0,6.0,659614.2054061488
Tunis,Tunis,Villa,À Vendre,480.0,2.0,4.0,255000.0
Ben Arous,Ben_Arous,Villa,À Vendre,180.0,1.0,3.0,380000.0
Ben Arous,Ben_Arous,Villa,À Vendre,400.0,1.0,2.0,550000.0
Tunis,Tunis,Villa,À Vendre,325.0,2.0,6.0,750000.0
Bizerte,Bizerte,Villa,À Vendre,140.0,2.0,5.0,300000.0
Ariana,Ariana,Villa,À Vendre,596.0,2.0,3.0,430000.0
Ben Arous,Ben_Arous,Villa,À Vendre,256.0,2.0,4.0,260000.0
Ben Arous,Ben_Arous,Villa,À Vendre,447.0,2.0,3.0,650000.0
Sousse,Sousse,Villa,À Vendre,200.0,2.0,4.0,711046.3398056985
Nabeul,Nabeul,Villa,À Vendre,240.0,3.0,7.0,826001.8995989233
Sfax,Sfax,Villa,À Vendre,1000.0,1.0,4.0,599105.4234732436
Ben Arous,Ben_Arous,Villa,À Vendre,233.0,1.0,3.0,561770.3511006186
Tunis,Tunis,Appartement,À Vendre,450.0,2.0,4.0,650000.0
Sousse,Sousse,Maison,À Vendre,460.0,1.0,4.0,384263.6428761386
Zaghouan,Zaghouan,Maison,À Vendre,212.0,1.0,4.0,182319.23787843384
Tunis,Tunis,Villa,À Vendre,600.0,3.0,6.0,735370.7468271379
Sousse,Sousse,Villa,À Vendre,1111.0,4.0,4.0,711444.8618069952
Nabeul,Nabeul,Villa,À Vendre,800.0,2.0,4.0,728397.798978986
Ben Arous,Ben_Arous,Villa,À Vendre,485.0,3.0,6.0,650000.0
Kasserine,Kasserine,Maison,À Vendre,530.0,1.0,5.0,393833.688161155
Sousse,Sousse,Villa,À Vendre,402.0,3.0,5.0,450000.0
Tunis,Tunis,Appartement,À Vendre,98.0,2.0,4.0,300000.0
Sousse,Sousse,Villa,À Vendre,418.0,2.0,6.0,776210.115558319
Sfax,Sfax,Maison,À Vendre,147.0,1.0,3.0,239569.57256033304
Ariana,Ariana,Maison,À Vendre,115.0,1.0,2.0,130000.0
Ariana,Ariana,Villa,À Vendre,150.0,1.0,5.0,720502.2983583978
Tunis,Tunis,Maison,À Vendre,300.0,1.0,3.0,310699.61192881473
Ben Arous,Ben_Arous,Maison,À Vendre,180.0,2.0,3.0,200000.0
Ben Arous,Ben_Arous,Villa,À Vendre,300.0,2.0,4.0,470000.0
Sfax,Sfax,Maison,À Vendre,259.0,2.0,3.0,239681.62831158703
Sfax,Sfax,Maison,À Vendre,288.0,1.0,6.0,150000.0
Sousse,Sousse,Villa,À Vendre,218.0,2.0,4.0,950000.0
Nabeul,Nabeul,Villa,À Vendre,800.0,3.0,6.0,1250000.0
Ben Arous,Ben_Arous,Maison,À Vendre,156.0,2.0,3.0,260000.0
Bizerte,Bizerte,Villa,À Vendre,249.0,2.0,4.0,545327.6387942458
Sousse,Sousse,Maison,À Vendre,200.0,2.0,3.0,680000.0
Le Kef,Le_Kef,Maison,À Vendre,120.0,2.0,4.0,108591.33711721594
Ariana,Ariana,Maison,À Vendre,218.0,1.0,3.0,250000.0
Gabès,Gabs,Maison,À Vendre,189.0,1.0,4.0,117808.91845808385
Ben Arous,Ben_Arous,Appartement,À Vendre,250.0,2.0,3.0,570000.0
Tunis,Tunis,Villa,À Vendre,530.0,5.0,6.0,980000.0
Ben Arous,Ben_Arous,Villa,À Vendre,200.0,2.0,3.0,561845.595320105
La Manouba,La_Manouba,Appartement,À Vendre,120.0,1.0,2.0,200003.0
Ariana,Ariana,Villa,À Vendre,280.0,3.0,5.0,850000.0
Ben Arous,Ben_Arous,Villa,À Vendre,390.0,2.0,5.0,700000.0
Ben Arous,Ben_Arous,Villa,À Vendre,400.0,2.0,4.0,305000.0
Tunis,Tunis,Maison,À Vendre,200.0,2.0,4.0,160000.0
Ariana,Ariana,Villa,À Vendre,220.0,2.0,6.0,340000.0
Kairouan,Kairouan,Villa,À Vendre,360.0,2.0,3.0,450000.0
Le Kef,Le_Kef,Maison,À Vendre,200.0,1.0,5.0,275000.0
Bizerte,Bizerte,Villa,À Vendre,600.0,2.0,6.0,577000.0
Bizerte,Bizerte,Villa,À Vendre,1105.0,2.0,5.0,1250000.0
Ariana,Ariana,Maison,À Vendre,150.0,3.0,3.0,400000.0
Tunis,Tunis,Villa,À Vendre,1300.0,2.0,4.0,670356.4041351301
Sfax,Sfax,Villa,À Vendre,350.0,2.0,4.0,599024.0282782428
Tunis,Tunis,Villa,À Vendre,600.0,1.0,5.0,702649.2870350687
Tunis,Tunis,Villa,À Vendre,368.0,2.0,3.0,637565.5790819593
Nabeul,Nabeul,Villa,À Vendre,953.0,4.0,6.0,793712.317043212
Ben Arous,Ben_Arous,Maison,À Vendre,110.0,2.0,4.0,267611.8807447347
Tunis,Tunis,Appartement,À Vendre,326.0,2.0,3.0,680000.0
Ben Arous,Ben_Arous,Maison,À Vendre,191.0,1.0,4.0,150000.0
Nabeul,Nabeul,Villa,À Vendre,1000.0,2.0,5.0,761002.7892648883
Tunis,Tunis,Villa,À Vendre,500.0,5.0,8.0,590000.0
Nabeul,Nabeul,Maison,À Vendre,170.0,2.0,4.0,230000.0
Nabeul,Nabeul,Villa,À Vendre,430.0,6.0,6.0,1250000.0
Tunis,Tunis,Villa,À Vendre,280.0,3.0,1.0,240000.0
Le Kef,Le_Kef,Villa,À Vendre,1420.0,2.0,3.0,240000.0
Tunis,Tunis,Villa,À Louer,866.0,5.0,8.0,800713.9524988795
Tunis,Tunis,Appartement,À Vendre,125.0,1.0,3.0,250000.0
Ariana,Ariana,Villa,À Vendre,217.0,2.0,3.0,270000.0
Médenine,Mdenine,Villa,À Vendre,295.0,2.0,5.0,562089.118261236
Médenine,Mdenine,Villa,À Vendre,400.0,2.0,3.0,900000.0
Ariana,Ariana,Appartement,À Vendre,170.0,2.0,4.0,453034.44046341925
Ariana,Ariana,Villa,À Vendre,634.0,3.0,3.0,800000.0
Bizerte,Bizerte,Villa,,400.0,2.0,4.0,545365.9735618108
Ariana,Ariana,Maison,À Vendre,108.0,1.0,2.0,296063.9066321006
Mahdia,Mahdia,Maison,À Vendre,528.0,1.0,1.0,480000.0
Tunis,Tunis,Maison,À Vendre,80.0,1.0,4.0,343197.9757089074
Ariana,Ariana,Villa,À Vendre,437.0,2.0,6.0,753212.9975797322
Ben Arous,Ben_Arous,Appartement,À Vendre,270.0,2.0,4.0,320000.0
Sousse,Sousse,Villa,À Vendre,900.0,3.0,10.0,950000.0
Tunis,Tunis,Villa,À Vendre,285.0,1.0,4.0,440000.0
Tunis,Tunis,Maison,sale,189.0,1.0,4.0,343225.6478258913
Ariana,Ariana,Villa,À Vendre,200.0,1.0,2.0,330000.0
Ben Arous,Ben_Arous,Villa,À Vendre,460.0,2.0,4.0,594465.8179639801
Tunis,Tunis,Villa,À Vendre,268.0,1.0,4.0,350000.0
Nabeul,Nabeul,Villa,À Vendre,229.0,2.0,4.0,330000.0
Tunis,Tunis,Appartement,À Vendre,190.0,2.0,3.0,320000.0
Tunis,Tunis,Maison,À Vendre,189.0,1.0,4.0,130000.0
Tunis,Tunis,Appartement,À Vendre,90.0,1.0,2.0,120000.0
Bizerte,Bizerte,Villa,À Vendre,150.0,2.0,2.0,340000.0
Médenine,Mdenine,Villa,À Vendre,360.0,2.0,2.0,430000.0
Tunis,Tunis,Villa,À Vendre,316.0,2.0,10.0,865431.8880203338
Ariana,Ariana,Villa,À Louer,400.0,3.0,4.0,970000.0
Tunis,Tunis,Villa,À Vendre,355.0,3.0,7.0,680000.0
Ben Arous,Ben_Arous,Villa,À Vendre,435.0,3.0,10.0,550000.0
Tunis,Tunis,Villa,À Vendre,124.0,3.0,5.0,780000.0
Tunis,Tunis,Appartement,À Vendre,153.0,1.0,3.0,90000.0
Tunis,Tunis,Maison,À Vendre,189.0,1.0,3.0,310671.43206656503
Ariana,Ariana,Appartement,À Vendre,373.0,1.0,2.0,280000.0
Mahdia,Mahdia,Maison,À Vendre,189.0,1.0,6.0,357861.60718582565
Sfax,Sfax,Maison,À Vendre,120.0,1.0,3.0,80000.0
Ben Arous,Ben_Arous,Villa,À Vendre,186.0,2.0,3.0,561842.0411032446
Nabeul,Nabeul,Villa,À Vendre,129.0,2.0,7.0,825890.0977203022
Sousse,Sousse,Maison,À Vendre,110.0,1.0,2.0,130000.0
Nabeul,Nabeul,Maison,À Vendre,300.0,1.0,4.0,401422.1588484371
Tunis,Tunis,Maison,À Vendre,260.0,1.0,4.0,343243.67278282583
Tunis,Tunis,Villa,À Vendre,350.0,4.0,5.0,702836.6849259629
Nabeul,Nabeul,Maison,À Vendre,100.0,1.0,2.0,150000.0
Ben Arous,Ben_Arous,Villa,À Vendre,400.0,3.0,9.0,650000.0
Ben Arous,Ben_Arous,Villa,À Vendre,516.0,2.0,6.0,580000.0
Ariana,Ariana,Villa,À Vendre,200.0,1.0,4.0,280000.0
Nabeul,Nabeul,Villa,À Vendre,537.0,2.0,4.0,728331.0304765385
Ben Arous,Ben_Arous,Villa,À Vendre,260.0,2.0,3.0,450000.0
Sousse,Sousse,Villa,À Vendre,1000.0,3.0,6.0,776441.4914470267
Ben Arous,Ben_Arous,Appartement,À Vendre,130.0,1.0,3.0,850000.0
Sfax,Sfax,Maison,À Vendre,209.0,2.0,3.0,180000.0
Sousse,Sousse,Appartement,À Vendre,500.0,2.0,3.0,443565.9442315549
Tunis,Tunis,Villa,À Vendre,150.0,3.0,5.0,702702.2883830154
Sousse,Sousse,Villa,À Vendre,400.0,2.0,3.0,900000.0
Bizerte,Bizerte,Villa,À Vendre,225.0,1.0,2.0,480129.49231603264
Ben Arous,Ben_Arous,Maison,À Vendre,189.0,2.0,4.0,267631.93668273225
Ben Arous,Ben_Arous,Villa,À Vendre,510.0,2.0,8.0,724695.3746329295
Nabeul,Nabeul,Villa,À Vendre,370.0,2.0,4.0,900000.0
Ariana,Ariana,Maison,À Vendre,256.0,1.0,4.0,361209.9113004195
Ariana,Ariana,Villa,À Vendre,475.0,2.0,4.0,688114.213221129
Tunis,Tunis,Villa,À Vendre,117.0,3.0,7.0,460000.0
Ben Arous,Ben_Arous,Villa,À Vendre,315.0,2.0,6.0,700000.0
Ben Arous,Ben_Arous,Appartement,À Vendre,250.0,1.0,4.0,350000.0
Ben Arous,Ben_Arous,Villa,À Vendre,407.0,2.0,4.0,650000.0
Tunis,Tunis,Appartement,À Vendre,336.0,1.0,3.0,450000.0
Ariana,Ariana,Appartement,À Vendre,450.0,2.0,4.0,750000.0
Nabeul,Nabeul,Appartement,À Vendre,1300.0,3.0,7.0,780000.0
Ben Arous,Ben_Arous,Villa,À Vendre,220.0,2.0,5.0,370000.0
Tunis,Tunis,Maison,À Vendre,112.0,2.0,6.0,408398.15316818363
Ariana,Ariana,Villa,À Vendre,300.0,2.0,4.0,850000.0
Bizerte,Bizerte,Villa,À Vendre,270.0,2.0,4.0,340000.0
Bizerte,Bizerte,Villa,À Vendre,313.0,3.0,5.0,360000.0
Ben Arous,Ben_Arous,Villa,À Vendre,566.0,2.0,3.0,890000.0
Ben Arous,Ben_Arous,Villa,À Vendre,260.0,2.0,3.0,485000.0
La Manouba,La_Manouba,Maison,À Vendre,319.0,2.0,3.0,207441.72293562128
Nabeul,Nabeul,Appartement,À Vendre,130.0,2.0,2.0,428116.9311916222
Ariana,Ariana,Maison,À Vendre,100.0,1.0,3.0,328616.09141036385
Ariana,Ariana,Villa,À Vendre,430.0,1.0,4.0,300000.0
Ariana,Ariana,Maison,À Vendre,257.0,1.0,3.0,290000.0
Ariana,Ariana,Villa,À Vendre,120.0,3.0,6.0,753216.1419714806
Tunis,Tunis,Maison,À Vendre,120.0,1.0,3.0,85000.0
Tunis,Tunis,Villa,À Vendre,162.0,2.0,5.0,702621.7128382386
Ariana,Ariana,Villa,À Vendre,756.0,1.0,3.0,155000.0
Ben Arous,Ben_Arous,Maison,À Vendre,206.0,1.0,3.0,234998.4147417935
Nabeul,Nabeul,Villa,À Vendre,200.0,2.0,3.0,280000.0
Tunis,Tunis,Maison,À Vendre,100.0,1.0,4.0,343203.053161565
Tunis,Tunis,Villa,À Vendre,260.0,1.0,4.0,420000.0
Tunis,Tunis,Villa,À Vendre,470.0,3.0,4.0,670229.3118662109
Tunis,Tunis,Villa,À Vendre,232.0,2.0,4.0,400000.0
Ben Arous,Ben_Arous,Villa,À Vendre,508.0,4.0,7.0,1200000.0
Sfax,Sfax,Villa,À Vendre,468.0,1.0,4.0,598970.3632325513
Ben Arous,Ben_Arous,Villa,À Vendre,546.0,1.0,1.0,399997.0
Sousse,Sousse,Villa,À Vendre,218.0,2.0,4.0,750000.0
Nabeul,Nabeul,Villa,À Vendre,300.0,4.0,7.0,990000.0
Ben Arous,Ben_Arous,Villa,À Vendre,720.0,4.0,8.0,750000.0
Gabès,Gabs,Maison,À Vendre,360.0,3.0,5.0,459999.0
Ben Arous,Ben_Arous,Villa,À Vendre,105.0,3.0,6.0,350000.0
Bizerte,Bizerte,Villa,À Vendre,270.0,3.0,7.0,490000.0
La Manouba,La_Manouba,Appartement,À Louer,153.0,1.0,3.0,299078.6982552477
Sfax,Sfax,Villa,À Vendre,816.0,2.0,6.0,1250000.0
Ariana,Ariana,Villa,À Vendre,370.0,2.0,8.0,999999.0
Nabeul,Nabeul,Villa,À Vendre,1050.0,5.0,7.0,826374.7804642993
Ben Arous,Ben_Arous,Villa,À Vendre,400.0,1.0,3.0,280000.0
Tunis,Tunis,Villa,À Vendre,300.0,2.0,5.0,750000.0
Ben Arous,Ben_Arous,Villa,À Vendre,270.0,4.0,6.0,550000.0
Tunis,Tunis,Villa,À Vendre,520.0,4.0,7.0,767988.2747922053
Monastir,Monastir,Villa,À Vendre,589.0,1.0,2.0,299000.0
Tunis,Tunis,Maison,À Vendre,189.0,2.0,4.0,750100.0
Nabeul,Nabeul,Villa,À Vendre,300.0,2.0,4.0,728270.8626625459
Tunis,Tunis,Villa,À Vendre,876.0,4.0,7.0,768078.6534495107
Ben Arous,Ben_Arous,Villa,À Vendre,480.0,2.0,5.0,750000.0
Ben Arous,Ben_Arous,Maison,À Vendre,119.0,1.0,4.0,270000.0
Bizerte,Bizerte,Maison,À Vendre,300.0,2.0,4.0,218575.50450078535
Ariana,Ariana,Maison,À Vendre,140.0,1.0,4.0,361180.4620750054
Tunis,Tunis,Villa,À Vendre,400.0,2.0,8.0,800344.7818028431
Ben Arous,Ben_Arous,Appartement,À Vendre,237.0,2.0,4.0,325000.0
Tunis,Tunis,Villa,À Vendre,74.0,1.0,3.0,150000.0
Ben Arous,Ben_Arous,Maison,À Vendre,450.0,1.0,3.0,290000.0
Tunis,Tunis,Villa,À Vendre,115.0,2.0,6.0,270000.0
Nabeul,Nabeul,Villa,À Vendre,1000.0,6.0,5.0,1200000.0
Nabeul,Nabeul,Villa,À Vendre,400.0,3.0,5.0,1100000.0
Ben Arous,Ben_Arous,Villa,À Vendre,630.0,2.0,6.0,800000.0
Le Kef,Le_Kef,Maison,À Vendre,100.0,1.0,4.0,93000.0
La Manouba,La_Manouba,Maison,À Vendre,450.0,2.0,4.0,250000.0
Sousse,Sousse,Villa,À Vendre,307.0,1.0,3.0,600000.0
Sousse,Sousse,Villa,À Vendre,400.0,3.0,7.0,808843.383626625
Tunis,Tunis,Maison,À Vendre,205.0,1.0,9.0,506000.78858464904
Tunis,Tunis,Maison,À Vendre,440.0,3.0,6.0,408565.04540813976
Ben Arous,Ben_Arous,Appartement,À Vendre,198.0,2.0,3.0,520000.0
Ben Arous,Ben_Arous,Villa,À Vendre,420.0,2.0,3.0,650000.0
Tunis,Tunis,Villa,À Vendre,300.0,2.0,3.0,637548.3157429235
Sfax,Sfax,Maison,À Vendre,132.0,1.0,3.0,239565.76447083981
Tunis,Tunis,Maison,À Vendre,80.0,1.0,6.0,90000.0
Ben Arous,Ben_Arous,Villa,À Vendre,200.0,2.0,2.0,529291.3795607786
Sousse,Sousse,Appartement,À Vendre,83.0,1.0,1.0,378268.0258086198
Sousse,Sousse,Villa,À Vendre,390.0,3.0,5.0,540000.0
Sousse,Sousse,Villa,À Vendre,140.0,2.0,4.0,390000.0
Ariana,Ariana,Villa,À Vendre,400.0,2.0,6.0,753203.6042923157
Ariana,Ariana,Villa,À Vendre,375.0,2.0,3.0,655534.6101985148
Sousse,Sousse,Villa,À Vendre,180.0,2.0,4.0,450000.0
Sousse,Sousse,Villa,À Vendre,400.0,2.0,3.0,678542.8985729483
Bizerte,Bizerte,Maison,À Vendre,556.0,1.0,7.0,580000.0
Ben Arous,Ben_Arous,Villa,À Vendre,175.0,2.0,6.0,550000.0
Tunis,Tunis,Villa,À Vendre,1033.0,3.0,5.0,702926.4579178488
Bizerte,Bizerte,Maison,À Vendre,381.0,3.0,4.0,830000.0
Ariana,Ariana,Villa,À Vendre,400.0,2.0,4.0,850000.0
Nabeul,Nabeul,Maison,À Vendre,154.0,2.0,3.0,368914.49970108166
Tunis,Tunis,Maison,À Vendre,204.0,2.0,5.0,375867.2936910823
Ben Arous,Ben_Arous,Villa,À Vendre,450.0,2.0,5.0,320000.0
Ariana,Ariana,Villa,À Vendre,450.0,2.0,4.0,688107.8664053071
Sfax,Sfax,Appartement,À Vendre,130.0,1.0,2.0,150000.0
Nabeul,Nabeul,Villa,À Vendre,400.0,3.0,3.0,790000.0
Nabeul,Nabeul,Appartement,À Vendre,100.0,1.0,2.0,165000.0
Ben Arous,Ben_Arous,Villa,À Louer,511.0,2.0,4.0,594478.765468257
Nabeul,Nabeul,Villa,À Vendre,560.0,3.0,5.0,760974.7073227924
Nabeul,Nabeul,Villa,À Vendre,300.0,3.0,3.0,620000.0
Tunis,Tunis,Appartement,À Vendre,120.0,1.0,2.0,220000.0
Ben Arous,Ben_Arous,Villa,À Vendre,530.0,2.0,5.0,627037.804807608
Ben Arous,Ben_Arous,Villa,À Vendre,396.0,2.0,5.0,627003.7858748022
Ariana,Ariana,Villa,À Vendre,277.0,2.0,5.0,800000.0
Tunis,Tunis,Villa,À Vendre,101.0,2.0,7.0,470000.0
Médenine,Mdenine,Villa,À Vendre,610.0,3.0,4.0,529698.4943976384
Bizerte,Bizerte,Villa,À Vendre,350.0,4.0,4.0,920000.0
Tunis,Tunis,Villa,À Vendre,225.0,1.0,3.0,430000.0
Ariana,Ariana,Villa,À Vendre,550.0,2.0,6.0,753241.6851872477
Nabeul,Nabeul,Villa,À Vendre,1020.0,6.0,5.0,761342.3547830316
Tunis,Tunis,Villa,À Vendre,226.0,2.0,5.0,450000.0
Nabeul,Nabeul,Villa,À Vendre,300.0,2.0,4.0,1180000.0
Nabeul,Nabeul,Villa,À Vendre,289.0,2.0,2.0,415000.0
Sousse,Sousse,Maison,À Vendre,165.0,1.0,4.0,165000.0
Tunis,Tunis,Villa,À Vendre,452.0,2.0,4.0,540000.0
Tunis,Tunis,Appartement,À Vendre,772.0,6.0,2.0,370446.07432712096
Ben Arous,Ben_Arous,Appartement,À Vendre,624.0,2.0,4.0,550000.0
Nabeul,Nabeul,Appartement,À Vendre,130.0,1.0,3.0,385000.0
Ben Arous,Ben_Arous,Villa,À Vendre,140.0,1.0,3.0,561746.7409457607
Ben Arous,Ben_Arous,Villa,À Vendre,420.0,2.0,3.0,700000.0
Ariana,Ariana,Maison,À Vendre,150.0,1.0,1.0,90000.0
Tunis,Tunis,Maison,À Vendre,100.0,1.0,2.0,110000.0
Sousse,Sousse,Villa,À Vendre,1000.0,2.0,4.0,1100000.0
Sousse,Sousse,Maison,À Vendre,267.0,1.0,2.0,400000.0
Sousse,Sousse,Villa,À Vendre,400.0,3.0,4.0,1000000.0
Sousse,Sousse,Villa,À Vendre,615.0,2.0,4.0,900000.0
Sousse,Sousse,Villa,À Vendre,1000.0,2.0,5.0,743803.653671329
Sousse,Sousse,Villa,À Vendre,400.0,5.0,4.0,711347.9803813888
Sousse,Sousse,Villa,À Vendre,600.0,1.0,3.0,600000.0
Sousse,Sousse,Villa,À Vendre,207.0,1.0,3.0,360000.0
Ariana,Ariana,Appartement,À Vendre,101.0,1.0,3.0,420379.0854760528
Ben Arous,Ben_Arous,Villa,À Vendre,350.0,2.0,6.0,600000.0
Nabeul,Nabeul,Villa,À Vendre,600.0,1.0,3.0,695709.1866767122
Tunis,Tunis,Villa,À Vendre,443.0,4.0,8.0,930000.0
Sousse,Sousse,Maison,À Vendre,320.0,1.0,5.0,416782.3164668617
Ariana,Ariana,Villa,À Vendre,270.0,3.0,7.0,510000.0
Ariana,Ariana,Villa,À Vendre,620.0,2.0,3.0,655596.8089935703
Monastir,Monastir,Maison,À Vendre,220.0,1.0,7.0,120000.0
Sousse,Sousse,Villa,À Vendre,350.0,2.0,4.0,711084.4207006305
Tunis,Tunis,Maison,À Vendre,290.0,5.0,10.0,538911.0715832558
Ariana,Ariana,Villa,À Vendre,400.0,2.0,4.0,620000.0
La Manouba,La_Manouba,Villa,À Vendre,400.0,2.0,4.0,600000.0
Ben Arous,Ben_Arous,Villa,À Vendre,620.0,3.0,4.0,850000.0
Sousse,Sousse,Maison,À Vendre,140.0,1.0,3.0,155000.0
Médenine,Mdenine,Villa,À Vendre,108.0,1.0,3.0,496849.59054386336
La Manouba,La_Manouba,Maison,À Vendre,80.0,1.0,3.0,170000.0
Sfax,Sfax,Villa,À Vendre,220.0,4.0,3.0,566604.0531093848
Sousse,Sousse,Maison,À Vendre,140.0,1.0,2.0,319073.9721149643
Nabeul,Nabeul,Villa,À Vendre,420.0,3.0,3.0,750000.0
Médenine,Mdenine,Maison,À Vendre,250.0,2.0,6.0,285000.0
Ben Arous,Ben_Arous,Maison,À Vendre,97.0,1.0,2.0,202416.52686548323
Ben Arous,Ben_Arous,Appartement,À Vendre,85.0,2.0,4.0,215000.0
La Manouba,La_Manouba,Maison,À Vendre,230.0,2.0,6.0,440000.0
Bizerte,Bizerte,Maison,À Vendre,111.0,1.0,4.0,390000.0
La Manouba,La_Manouba,Maison,À Vendre,104.0,1.0,2.0,100000.0
Kairouan,Kairouan,Maison,À Vendre,200.0,1.0,2.0,75000.0
Sousse,Sousse,Villa,À Vendre,720.0,4.0,5.0,1200000.0
Nabeul,Nabeul,Villa,À Vendre,1000.0,5.0,6.0,793807.8710733289
Tunis,Tunis,Villa,À Vendre,627.0,3.0,7.0,950000.0
La Manouba,La_Manouba,Appartement,À Vendre,300.0,1.0,4.0,670000.0
Tunis,Tunis,Appartement,À Vendre,100.0,1.0,1.0,140000.0
Ariana,Ariana,Maison,À Vendre,507.0,3.0,5.0,599997.0
Ben Arous,Ben_Arous,Maison,À Vendre,269.0,2.0,5.0,300206.462252689
Nabeul,Nabeul,Maison,À Vendre,100.0,1.0,2.0,336262.9528032084
Nabeul,Nabeul,Villa,À Vendre,400.0,2.0,4.0,728296.2499258339
La Manouba,La_Manouba,Maison,À Vendre,110.0,1.0,3.0,180000.0
Nabeul,Nabeul,Villa,À Vendre,400.0,3.0,5.0,550000.0
Mahdia,Mahdia,Villa,À Vendre,400.0,2.0,3.0,587101.2308474932
La Manouba,La_Manouba,Maison,À Vendre,189.0,2.0,4.0,239962.93525267317
Tunis,Tunis,Villa,À Vendre,600.0,5.0,10.0,120000.0
Nabeul,Nabeul,Villa,À Vendre,319.0,3.0,3.0,695805.0924996156
Ariana,Ariana,Villa,À Vendre,238.0,3.0,4.0,688137.6674235079
Ben Arous,Ben_Arous,Villa,À Vendre,110.0,2.0,5.0,240000.0
Tunis,Tunis,Villa,À Vendre,600.0,2.0,3.0,850000.0
Nabeul,Nabeul,Villa,À Vendre,300.0,3.0,4.0,950000.0
Ariana,Ariana,Villa,À Vendre,235.0,1.0,4.0,270000.0
Sousse,Sousse,Appartement,À Vendre,114.0,1.0,3.0,160000.0
Sousse,Sousse,Maison,À Vendre,359.0,2.0,4.0,330000.0
Ariana,Ariana,Maison,À Vendre,189.0,1.0,3.0,140000.0
Tunis,Tunis,Villa,À Vendre,615.0,5.0,6.0,735541.7989493739
Tunis,Tunis,Appartement,À Vendre,110.0,2.0,4.0,435051.95409732126
Sfax,Sfax,Maison,À Vendre,170.0,1.0,3.0,239575.41163088928
Nabeul,Nabeul,Villa,À Vendre,164.0,3.0,4.0,700000.0
Ben Arous,Ben_Arous,Villa,À Vendre,325.0,2.0,4.0,450000.0
Sousse,Sousse,Villa,,400.0,2.0,5.0,743651.3300916009
Ben Arous,Ben_Arous,Villa,À Vendre,409.0,3.0,3.0,900000.0
Tunis,Tunis,Villa,À Vendre,412.0,2.0,4.0,700000.0
La Manouba,La_Manouba,Villa,À Vendre,300.0,2.0,4.0,499000.0
Ben Arous,Ben_Arous,Villa,À Vendre,240.0,1.0,3.0,330000.0
Ben Arous,Ben_Arous,Villa,À Vendre,590.0,4.0,5.0,790000.0
Ben Arous,Ben_Arous,Villa,À Vendre,429.0,3.0,6.0,650000.0
Tunis,Tunis,Appartement,À Vendre,117.0,1.0,2.0,210000.0
Ben Arous,Ben_Arous,Villa,À Vendre,354.0,2.0,3.0,700000.0
Ben Arous,Ben_Arous,Villa,À Vendre,200.0,1.0,3.0,561761.9733037336
Tunis,Tunis,Villa,À Vendre,90.0,1.0,3.0,400000.0
Bizerte,Bizerte,Villa,À Vendre,519.0,1.0,4.0,545312.5623887521
Sfax,Sfax,Villa,À Vendre,1000.0,2.0,3.0,650000.0
Tunis,Tunis,Maison,À Vendre,85.0,2.0,4.0,343282.8670884432
Ben Arous,Ben_Arous,Villa,À Vendre,354.0,1.0,4.0,700000.0
Tunis,Tunis,Villa,À Louer,314.0,3.0,4.0,670189.7077354816
Ariana,Ariana,Villa,À Vendre,450.0,2.0,5.0,850000.0
Tunis,Tunis,Maison,À Vendre,117.0,1.0,3.0,460000.0
Médenine,Mdenine,Villa,À Vendre,450.0,4.0,3.0,497187.28103342257
Ariana,Ariana,Appartement,À Vendre,257.0,1.0,3.0,420418.68960678205
Nabeul,Nabeul,Villa,À Vendre,1000.0,3.0,6.0,793640.627040586
Nabeul,Nabeul,Maison,sale,189.0,5.0,4.0,600000.0
Ben Arous,Ben_Arous,Villa,À Vendre,300.0,2.0,3.0,350000.0
Bizerte,Bizerte,Maison,À Vendre,95.0,1.0,3.0,125000.0
Ariana,Ariana,Maison,À Vendre,100.0,3.0,7.0,459000.198480412
Tunis,Tunis,Villa,À Vendre,100.0,2.0,4.0,670051.7569756738
Ben Arous,Ben_Arous,Villa,À Vendre,372.0,1.0,4.0,594359.8551559153
Ben Arous,Ben_Arous,Maison,À Vendre,102.0,1.0,6.0,199000.0
Tunis,Tunis,Villa,À Vendre,140.0,2.0,6.0,420000.0
Tunis,Tunis,Villa,À Vendre,204.0,2.0,3.0,300000.0
Ben Arous,Ben_Arous,Villa,À Vendre,200.0,3.0,8.0,255000.0
Sousse,Sousse,Villa,À Vendre,300.0,3.0,8.0,841372.2121226632
Sfax,Sfax,Villa,À Vendre,770.0,1.0,5.0,631601.2485270074
Nabeul,Nabeul,Maison,À Vendre,186.0,1.0,3.0,368839.0016089624
Sousse,Sousse,Villa,À Vendre,400.0,2.0,4.0,900000.0
Ben Arous,Ben_Arous,Maison,À Vendre,128.0,2.0,4.0,267616.45045212656
Ariana,Ariana,Villa,À Vendre,200.0,1.0,3.0,350000.0
Tunis,Tunis,Appartement,À Vendre,700.0,2.0,4.0,900000.0
Ben Arous,Ben_Arous,Villa,À Vendre,300.0,3.0,6.0,650000.0
La Manouba,La_Manouba,Villa,À Vendre,400.0,3.0,4.0,680000.0
Tunis,Tunis,Villa,À Vendre,500.0,2.0,5.0,702707.5217881522
Ben Arous,Ben_Arous,Villa,À Vendre,278.0,1.0,3.0,500000.0
Gafsa,Gafsa,Maison,À Vendre,150.0,2.0,5.0,95784.74015059054
Ariana,Ariana,Maison,À Vendre,150.0,1.0,4.0,340000.0
Médenine,Mdenine,Villa,À Vendre,456.0,2.0,4.0,529575.7759958034
Nabeul,Nabeul,Appartement,À Vendre,500.0,1.0,2.0,428127.2420494165
Ben Arous,Ben_Arous,Villa,À Vendre,400.0,2.0,4.0,594450.5856060074
Ben Arous,Ben_Arous,Villa,À Vendre,412.0,1.0,4.0,460000.0
Tunis,Tunis,Maison,À Vendre,405.0,1.0,4.0,343280.4843145935
La Manouba,La_Manouba,Villa,À Vendre,220.0,1.0,3.0,534098.049326332
Ariana,Ariana,Villa,À Vendre,500.0,4.0,6.0,450000.0
Bizerte,Bizerte,Maison,À Vendre,215.0,1.0,4.0,219999.0
Sousse,Sousse,Maison,À Vendre,300.0,3.0,9.0,547161.3460842522
Ariana,Ariana,Appartement,À Vendre,90.0,1.0,2.0,387822.07711776474
Tunis,Tunis,Villa,À Vendre,255.0,2.0,4.0,210000.0
Tunis,Tunis,Villa,À Vendre,603.0,2.0,5.0,702733.6706693389
Sousse,Sousse,Maison,À Vendre,330.0,1.0,3.0,215000.0
Ben Arous,Ben_Arous,Appartement,À Vendre,378.0,1.0,3.0,270000.0
La Manouba,La_Manouba,Villa,À Vendre,400.0,3.0,2.0,501756.774673667
Tunis,Tunis,Maison,À Vendre,304.0,1.0,4.0,343254.8431786726
Tunis,Tunis,Maison,À Vendre,133.0,1.0,4.0,200000.0
Sousse,Sousse,Villa,À Vendre,140.0,2.0,3.0,678476.8916883994
Nabeul,Nabeul,Maison,À Vendre,130.0,1.0,3.0,368824.7847415211
La Manouba,La_Manouba,Maison,À Vendre,300.0,2.0,3.0,207436.89935559654
Nabeul,Nabeul,Villa,À Vendre,385.0,4.0,5.0,761013.9016284097
Sfax,Sfax,Villa,À Vendre,758.0,3.0,5.0,570000.0
Ben Arous,Ben_Arous,Villa,À Vendre,530.0,2.0,6.0,659592.0205669345
Ariana,Ariana,Villa,À Vendre,320.0,5.0,6.0,1100000.0
Ben Arous,Ben_Arous,Maison,À Vendre,260.0,1.0,3.0,485000.0
Tunis,Tunis,Maison,À Vendre,90.0,1.0,3.0,310646.2986759099
Nabeul,Nabeul,Maison,À Vendre,290.0,4.0,5.0,434224.7019305488
Kairouan,Kairouan,Maison,À Vendre,250.0,2.0,4.0,360000.0
Siliana,Siliana,Maison,,189.0,1.0,3.0,328638.6860746902
Médenine,Mdenine,Appartement,À Vendre,170.0,1.0,3.0,261862.98904242055
Tunis,Tunis,Villa,À Vendre,536.0,5.0,9.0,680000.0
Sfax,Sfax,Maison,À Vendre,425.0,2.0,6.0,310000.0
Ariana,Ariana,Villa,À Vendre,220.0,2.0,5.0,280000.0
Ben Arous,Ben_Arous,Appartement,À Vendre,166.0,1.0,3.0,168998.0
Sfax,Sfax,Maison,À Vendre,600.0,1.0,5.0,304793.0083816804
Ben Arous,Ben_Arous,Maison,À Vendre,203.0,3.0,4.0,267719.112915964
Ben Arous,Ben_Arous,Maison,À Vendre,640.0,2.0,6.0,332854.86475881387
Ben Arous,Ben_Arous,Maison,À Vendre,97.0,1.0,2.0,125000.0
Sousse,Sousse,Maison,À Vendre,200.0,1.0,3.0,200000.0
Bizerte,Bizerte,Appartement,À Vendre,147.0,1.0,3.0,277661.56440531294
Nabeul,Nabeul,Villa,À Vendre,202.0,2.0,5.0,400000.0
Gabès,Gabs,Villa,À Vendre,390.0,2.0,3.0,300000.0
Gabès,Gabs,Villa,À Vendre,520.0,3.0,6.0,509933.70764870004
Ariana,Ariana,Villa,À Vendre,300.0,4.0,6.0,753345.4610617704
Nabeul,Nabeul,Villa,À Vendre,288.0,3.0,6.0,650000.0
Ariana,Ariana,Villa,À Vendre,470.0,2.0,5.0,870000.0
Nabeul,Nabeul,Villa,À Vendre,816.0,2.0,4.0,480000.0
Ariana,Ariana,Appartement,À Vendre,90.0,2.0,4.0,190000.0
Ben Arous,Ben_Arous,Villa,À Vendre,600.0,3.0,4.0,850000.0
Ben Arous,Ben_Arous,Appartement,À Vendre,200.0,2.0,2.0,300000.0
Nabeul,Nabeul,Maison,À Vendre,140.0,1.0,3.0,200000.0
La Manouba,La_Manouba,Villa,À Vendre,260.0,3.0,4.0,950000.0
Tunis,Tunis,Villa,À Vendre,470.0,3.0,5.0,1250000.0
Sousse,Sousse,Villa,À Vendre,450.0,2.0,4.0,750000.0
Tunis,Tunis,Villa,À Vendre,1059.0,1.0,4.0,670211.5988142346
Tunis,Tunis,Maison,À Vendre,115.0,2.0,4.0,275000.0
Bizerte,Bizerte,Maison,À Vendre,189.0,1.0,4.0,218463.70262216422
Gafsa,Gafsa,Villa,À Vendre,350.0,2.0,6.0,455154.8122342303
Ariana,Ariana,Villa,À Vendre,480.0,2.0,7.0,460000.0
Jendouba,Jendouba,Villa,À Vendre,400.0,1.0,4.0,510490.4698639516
Gafsa,Gafsa,Villa,À Vendre,220.0,2.0,4.0,280000.0
Bizerte,Bizerte,Villa,À Vendre,202.0,4.0,6.0,520000.0
Nabeul,Nabeul,Villa,À Vendre,650.0,3.0,4.0,728443.3401004253
La Manouba,La_Manouba,Villa,À Vendre,690.0,3.0,7.0,520000.0
La Manouba,La_Manouba,Villa,À Vendre,1250.0,3.0,3.0,950000.0
Nabeul,Nabeul,Villa,À Vendre,345.0,3.0,4.0,780000.0
Nabeul,Nabeul,Villa,À Vendre,505.0,2.0,5.0,1049998.0
Nabeul,Nabeul,Appartement,À Vendre,400.0,1.0,2.0,300000.0
Nabeul,Nabeul,Appartement,À Vendre,750.0,2.0,4.0,493382.76374266064
Tunis,Tunis,Villa,À Vendre,461.0,3.0,10.0,865552.3215684728
Ben Arous,Ben_Arous,Villa,À Vendre,385.0,5.0,6.0,400000.0
La Manouba,La_Manouba,Appartement,À Vendre,119.0,2.0,3.0,370000.0
Ben Arous,Ben_Arous,Villa,À Vendre,195.0,1.0,5.0,380000.0
Sidi Bouzid,Sidi_Bouzid,Maison,À Vendre,400.0,2.0,3.0,196710.34746860198
Tunis,Tunis,Maison,À Vendre,170.0,1.0,4.0,343220.8242458666
Ariana,Ariana,Villa,À Vendre,481.0,2.0,4.0,1190000.0
Sfax,Sfax,Maison,À Vendre,189.0,1.0,3.0,239580.235210914
Tunis,Tunis,Maison,À Vendre,207.0,1.0,3.0,310676.0017739569
Béja,Bja,Maison,À Vendre,200.0,1.0,4.0,92613.24438016594
Nabeul,Nabeul,Villa,À Vendre,750.0,2.0,4.0,728385.1053473419
Sfax,Sfax,Appartement,À Vendre,1472.0,2.0,3.0,700000.0
Nabeul,Nabeul,Villa,À Vendre,300.0,3.0,4.0,600000.0
Tunis,Tunis,Maison,À Vendre,108.0,1.0,2.0,50000.0
Ben Arous,Ben_Arous,Maison,À Vendre,100.0,2.0,5.0,300163.55777773226
Ariana,Ariana,Villa,À Vendre,550.0,3.0,7.0,450000.0
La Manouba,La_Manouba,Maison,À Vendre,280.0,3.0,7.0,337732.30695661565
Ariana,Ariana,Maison,À Vendre,189.0,1.0,4.0,361192.90183401655
Médenine,Mdenine,Villa,À Vendre,220.0,4.0,5.0,820000.0
Tunis,Tunis,Villa,À Vendre,1000.0,3.0,7.0,768026.5116396165
Tunis,Tunis,Villa,À Vendre,145.0,3.0,7.0,550000.0
Bizerte,Bizerte,Appartement,À Vendre,95.0,1.0,2.0,350000.0
Sfax,Sfax,Villa,À Vendre,400.0,2.0,4.0,700000.0
Tunis,Tunis,Villa,À Vendre,294.0,3.0,5.0,640000.0
Nabeul,Nabeul,Maison,À Vendre,189.0,1.0,8.0,531610.8420234927
Sfax,Sfax,Villa,À Vendre,650.0,1.0,3.0,250000.0
Tunis,Tunis,Villa,À Vendre,90.0,1.0,2.0,235000.0
Ben Arous,Ben_Arous,Villa,À Vendre,270.0,2.0,6.0,550000.0
Tunis,Tunis,Maison,À Vendre,128.0,3.0,7.0,399999.0
La Manouba,La_Manouba,Villa,sale,400.0,3.0,4.0,566865.2061923196
Ben Arous,Ben_Arous,Villa,À Vendre,103.0,1.0,2.0,239000.0
Ben Arous,Ben_Arous,Villa,À Vendre,500.0,2.0,6.0,630000.0
Ben Arous,Ben_Arous,Appartement,À Vendre,300.0,2.0,3.0,328000.0
Ben Arous,Ben_Arous,Appartement,À Vendre,200.0,1.0,1.0,248000.0
Ben Arous,Ben_Arous,Appartement,À Vendre,750.0,2.0,4.0,950000.0
Ben Arous,Ben_Arous,Villa,À Vendre,400.0,2.0,4.0,890000.0
Sousse,Sousse,Villa,À Vendre,200.0,2.0,3.0,380000.0
Sousse,Sousse,Maison,À Vendre,189.0,1.0,4.0,424000.0
Tunis,Tunis,Villa,À Vendre,505.0,2.0,5.0,720000.0
Sousse,Sousse,Maison,À Vendre,70.0,2.0,3.0,180000.0
Tunis,Tunis,Villa,À Vendre,450.0,2.0,4.0,700000.0
Gabès,Gabs,Appartement,À Vendre,150.0,1.0,4.0,120000.0
La Manouba,La_Manouba,Maison,À Vendre,432.0,2.0,3.0,207470.41054313674
Ariana,Ariana,Villa,À Vendre,206.0,3.0,4.0,688129.5434992557
Ben Arous,Ben_Arous,Maison,À Vendre,122.0,1.0,3.0,170000.0
Tunis,Tunis,Maison,À Vendre,143.0,1.0,3.0,310659.75392545253
Ben Arous,Ben_Arous,Villa,À Vendre,705.0,3.0,5.0,975000.0
La Manouba,La_Manouba,Maison,À Vendre,110.0,2.0,4.0,239942.8793146756
Ariana,Ariana,Appartement,À Vendre,169.0,1.0,7.0,380000.0
Nabeul,Nabeul,Villa,À Vendre,514.0,6.0,5.0,761213.8952307941
Sfax,Sfax,Villa,À Vendre,700.0,1.0,6.0,664137.6932020321
Ariana,Ariana,Maison,À Vendre,500.0,1.0,4.0,500000.0
Ariana,Ariana,Villa,À Vendre,400.0,5.0,5.0,720900.2545821036
Tunis,Tunis,Maison,À Vendre,150.0,1.0,2.0,278107.3152745564
Tunis,Tunis,Maison,À Vendre,145.0,1.0,3.0,250000.0
La Manouba,La_Manouba,Maison,À Vendre,189.0,2.0,6.0,305071.3667713258
Ben Arous,Ben_Arous,Villa,À Vendre,410.0,1.0,3.0,561815.2865566384
Nabeul,Nabeul,Villa,À Louer,1000.0,3.0,4.0,650000.0
Ben Arous,Ben_Arous,Maison,À Vendre,415.0,1.0,3.0,460000.0
Tunis,Tunis,Villa,À Vendre,387.0,2.0,6.0,250000.0
Ben Arous,Ben_Arous,Villa,À Vendre,387.0,2.0,5.0,480000.0
Ben Arous,Ben_Arous,Villa,À Vendre,618.0,2.0,5.0,580000.0
Ariana,Ariana,Maison,À Vendre,250.0,3.0,4.0,295000.0
Ben Arous,Ben_Arous,Villa,À Vendre,315.0,1.0,4.0,550000.0
Tunis,Tunis,Villa,À Vendre,402.0,2.0,6.0,950000.0
Sousse,Sousse,Villa,À Vendre,131.0,2.0,6.0,400000.0
Ariana,Ariana,Villa,À Vendre,100.0,3.0,5.0,380000.0
Sousse,Sousse,Maison,À Vendre,110.0,1.0,3.0,245000.0
Sousse,Sousse,Villa,À Vendre,350.0,2.0,3.0,179998.0
Ben Arous,Ben_Arous,Appartement,À Vendre,76.0,1.0,2.0,89000.0
Tunis,Tunis,Villa,À Vendre,300.0,3.0,6.0,950000.0
Tunis,Tunis,Villa,À Vendre,400.0,2.0,4.0,650000.0
Ariana,Ariana,Villa,À Vendre,958.0,3.0,4.0,688320.4557191816
Ariana,Ariana,Villa,À Vendre,530.0,4.0,6.0,753403.851767333
Ariana,Ariana,Maison,À Vendre,1000.0,1.0,4.0,361398.7925392824
Ben Arous,Ben_Arous,Appartement,À Vendre,200.0,2.0,6.0,424505.9009934026
Tunis,Tunis,Villa,À Vendre,316.0,4.0,6.0,735382.2690157713
Bizerte,Bizerte,Maison,À Vendre,189.0,1.0,2.0,153355.27110351156
Ben Arous,Ben_Arous,Appartement,À Vendre,260.0,2.0,2.0,359999.0
Le Kef,Le_Kef,Villa,À Vendre,580.0,2.0,3.0,370000.0
Sousse,Sousse,Villa,À Louer,210.0,2.0,5.0,743603.0942913536
Mahdia,Mahdia,Maison,À Vendre,80.0,1.0,2.0,227617.0720315364
Ariana,Ariana,Villa,À Vendre,415.0,5.0,5.0,720904.0626715968
Nabeul,Nabeul,Villa,À Vendre,380.0,5.0,5.0,1150000.0
Ben Arous,Ben_Arous,Maison,À Vendre,150.0,1.0,3.0,120000.0
Tunis,Tunis,Appartement,À Vendre,120.0,1.0,4.0,120000.0
Tunis,Tunis,Villa,À Vendre,510.0,2.0,7.0,950000.0
Ben Arous,Ben_Arous,Villa,À Vendre,510.0,4.0,6.0,850000.0
Tunis,Tunis,Villa,À Vendre,90.0,1.0,4.0,669965.5962329735
Tunis,Tunis,Appartement,À Vendre,140.0,1.0,2.0,369867.5167412836
Nabeul,Nabeul,Villa,À Vendre,500.0,3.0,4.0,550000.0
Le Kef,Le_Kef,Villa,À Vendre,550.0,2.0,4.0,365000.0
Tunis,Tunis,Maison,À Vendre,115.0,2.0,6.0,408398.9147860822
Le Kef,Le_Kef,Villa,À Vendre,200.0,1.0,3.0,150000.0
Béja,Bja,Villa,À Vendre,477.0,5.0,8.0,550000.0
Ariana,Ariana,Villa,À Vendre,750.0,1.0,7.0,785763.0534567786
Sfax,Sfax,Maison,À Vendre,189.0,1.0,2.0,207026.0194515877
Bizerte,Bizerte,Maison,À Vendre,130.0,1.0,6.0,283557.1556554769
Sousse,Sousse,Villa,À Vendre,380.0,2.0,3.0,678537.8211202906
Ben Arous,Ben_Arous,Appartement,À Vendre,200.0,2.0,3.0,370000.0
Le Kef,Le_Kef,Appartement,À Vendre,500.0,1.0,3.0,350000.0
Kairouan,Kairouan,Appartement,À Vendre,200.0,1.0,3.0,230000.0
Le Kef,Le_Kef,Villa,À Vendre,750.0,2.0,4.0,700000.0
Tunis,Tunis,Villa,À Vendre,388.0,1.0,3.0,637487.0345182456
Sfax,Sfax,Villa,À Vendre,400.0,3.0,3.0,360000.0
Sfax,Sfax,Maison,À Vendre,406.0,1.0,3.0,180000.0
Tunis,Tunis,Maison,À Vendre,105.0,1.0,4.0,160000.0
Ariana,Ariana,Villa,À Vendre,440.0,2.0,4.0,1250000.0
Tunis,Tunis,Villa,À Vendre,970.0,6.0,9.0,833378.1930283969
Tunis,Tunis,Villa,À Vendre,160.0,2.0,3.0,480000.0
Nabeul,Nabeul,Villa,À Vendre,640.0,2.0,7.0,826019.8266357041
Ariana,Ariana,Villa,À Vendre,220.0,5.0,8.0,900000.0
Ben Arous,Ben_Arous,Maison,sale,189.0,2.0,4.0,210000.0
Ariana,Ariana,Villa,À Vendre,480.0,2.0,4.0,680000.0
Nabeul,Nabeul,Appartement,À Vendre,174.0,1.0,4.0,250000.0
Ben Arous,Ben_Arous,Villa,À Vendre,350.0,1.0,3.0,480000.0
Tunis,Tunis,Villa,À Vendre,300.0,2.0,4.0,500000.0
Mahdia,Mahdia,Villa,À Vendre,400.0,2.0,4.0,619655.4466068195
Nabeul,Nabeul,Villa,À Vendre,269.0,1.0,2.0,663070.9390759026
Jendouba,Jendouba,Villa,À Vendre,120.0,1.0,3.0,98000.0
Sousse,Sousse,Appartement,À Vendre,360.0,2.0,3.0,443530.4020629517
Ariana,Ariana,Villa,À Vendre,230.0,4.0,4.0,355000.0
Tunis,Tunis,Villa,À Vendre,422.0,2.0,7.0,767796.1512414401
Tunis,Tunis,Villa,À Vendre,200.0,3.0,6.0,220000.0
Nabeul,Nabeul,Maison,À Vendre,250.0,1.0,4.0,401409.46521679306
Sousse,Sousse,Villa,À Vendre,150.0,2.0,5.0,743587.8619333808
Ariana,Ariana,Villa,À Vendre,542.0,4.0,4.0,688298.4667202749
Médenine,Mdenine,Villa,À Vendre,375.0,2.0,5.0,562109.4280718664
Ben Arous,Ben_Arous,Maison,À Vendre,146.0,2.0,5.0,330000.0
Ben Arous,Ben_Arous,Villa,À Vendre,100.0,2.0,6.0,300000.0
Tunis,Tunis,Villa,À Vendre,480.0,3.0,5.0,1100000.0
La Manouba,La_Manouba,Villa,À Vendre,400.0,3.0,4.0,566865.2061923196
Sfax,Sfax,Maison,À Vendre,670.0,4.0,4.0,272507.42975576996
Sousse,Sousse,Maison,À Vendre,300.0,1.0,3.0,351668.8074955515
Nabeul,Nabeul,Appartement,À Vendre,133.0,2.0,3.0,90000.0
Nabeul,Nabeul,Maison,À Vendre,170.0,1.0,3.0,368834.9396468363
Bizerte,Bizerte,Villa,À Vendre,550.0,3.0,5.0,578041.8922324404
Tunis,Tunis,Villa,À Vendre,640.0,4.0,10.0,900000.0
Tunis,Tunis,Villa,À Vendre,580.0,4.0,8.0,880000.0
Monastir,Monastir,Maison,À Vendre,155.0,3.0,9.0,255992.30083963653
Ben Arous,Ben_Arous,Maison,À Vendre,341.0,1.0,2.0,202478.47178790602
Tozeur,Tozeur,Maison,À Vendre,800.0,2.0,4.0,800000.0
Ariana,Ariana,Villa,À Vendre,190.0,2.0,3.0,590000.0
Nabeul,Nabeul,Maison,À Vendre,72.0,1.0,1.0,100000.0
Tunis,Tunis,Villa,À Vendre,278.0,1.0,3.0,1100000.0
Ariana,Ariana,Villa,À Vendre,500.0,3.0,4.0,688204.1820533224
Ben Arous,Ben_Arous,Appartement,À Louer,110.0,2.0,2.0,294266.1894191381
La Manouba,La_Manouba,Appartement,À Vendre,105.0,1.0,2.0,97000.0
Ben Arous,Ben_Arous,Villa,À Vendre,381.0,1.0,1.0,496699.49273163226
Ben Arous,Ben_Arous,Villa,,400.0,2.0,4.0,594450.5856060074
Ben Arous,Ben_Arous,Villa,À Vendre,213.0,1.0,3.0,561765.273647961
Ariana,Ariana,Villa,À Vendre,646.0,2.0,5.0,720711.8412006779
Nabeul,Nabeul,Villa,À Vendre,500.0,2.0,4.0,728321.6371891219
Bizerte,Bizerte,Maison,À Vendre,333.0,1.0,4.0,218500.26028129898
Ariana,Ariana,Maison,À Vendre,214.0,1.0,1.0,165000.0
Ben Arous,Ben_Arous,Villa,À Vendre,270.0,4.0,6.0,659693.2577151284
Ben Arous,Ben_Arous,Villa,À Vendre,204.0,3.0,6.0,350000.0
Sfax,Sfax,Appartement,À Vendre,100.0,1.0,2.0,149000.0
Ben Arous,Ben_Arous,Villa,À Vendre,326.0,2.0,5.0,626986.0147905005
Kairouan,Kairouan,Villa,À Vendre,392.0,3.0,3.0,620000.0
Nabeul,Nabeul,Villa,À Vendre,300.0,3.0,4.0,728354.4846789172
Tunis,Tunis,Maison,À Vendre,246.0,2.0,6.0,408432.17210098956
Nabeul,Nabeul,Appartement,À Vendre,193.0,1.0,4.0,250000.0
Kairouan,Kairouan,Maison,À Vendre,222.0,1.0,4.0,239639.3156705388
Nabeul,Nabeul,Maison,À Vendre,500.0,4.0,4.0,401723.7994241273
Sousse,Sousse,Villa,À Vendre,265.0,5.0,6.0,920000.0
Nabeul,Nabeul,Maison,À Vendre,300.0,4.0,3.0,369118.809138225
Ben Arous,Ben_Arous,Maison,À Vendre,400.0,2.0,3.0,600000.0
Tunis,Tunis,Appartement,À Vendre,210.0,2.0,3.0,600000.0
Sfax,Sfax,Appartement,À Vendre,339.0,1.0,3.0,320000.0
Tunis,Tunis,Villa,À Vendre,110.0,1.0,2.0,130000.0
Tunis,Tunis,Maison,À Vendre,126.0,1.0,1.0,250000.0
Nabeul,Nabeul,Villa,À Vendre,275.0,4.0,2.0,820000.0
Ben Arous,Ben_Arous,Maison,À Vendre,189.0,2.0,3.0,235077.72092340596
Nabeul,Nabeul,Maison,À Vendre,300.0,2.0,3.0,368951.5651054822
Ben Arous,Ben_Arous,Villa,À Vendre,248.0,2.0,5.0,626966.212725136
Nabeul,Nabeul,Villa,À Vendre,250.0,2.0,3.0,750000.0
Ariana,Ariana,Villa,À Vendre,436.0,1.0,3.0,350000.0
Tunis,Tunis,Villa,À Vendre,412.0,3.0,4.0,670214.5872535039
La Manouba,La_Manouba,Villa,À Vendre,200.0,1.0,3.0,175000.0
Tunis,Tunis,Villa,À Vendre,1074.0,5.0,6.0,735658.326487866
Tunis,Tunis,Appartement,À Vendre,380.0,2.0,4.0,450000.0
Nabeul,Nabeul,Maison,À Vendre,177.0,2.0,5.0,434028.77029029053
Nabeul,Nabeul,Villa,À Vendre,300.0,1.0,4.0,728187.2406461744
Tunis,Tunis,Villa,À Vendre,782.0,4.0,10.0,1000000.0
Tunis,Tunis,Villa,À Vendre,340.0,1.0,1.0,572366.4171132146
Sousse,Sousse,Villa,À Vendre,380.0,2.0,6.0,850000.0
Tunis,Tunis,Villa,À Vendre,475.0,2.0,4.0,700000.0
Nabeul,Nabeul,Appartement,À Vendre,555.0,1.0,3.0,460695.4208035512
Nabeul,Nabeul,Villa,À Vendre,306.0,4.0,3.0,695885.4141717595
Nabeul,Nabeul,Maison,À Vendre,100.0,2.0,2.0,336346.5748195798
Nabeul,Nabeul,Villa,À Vendre,900.0,4.0,6.0,793698.8617936694
Nabeul,Nabeul,Appartement,À Vendre,200.0,2.0,2.0,350000.0
Tunis,Tunis,Villa,À Vendre,1100.0,6.0,5.0,703194.3334333659
Gabès,Gabs,Maison,À Louer,120.0,1.0,3.0,85237.1854870888
Sousse,Sousse,Maison,,189.0,1.0,4.0,384194.84339262807
Jendouba,Jendouba,Villa,À Vendre,400.0,1.0,4.0,960000.0
Ariana,Ariana,Villa,À Vendre,400.0,2.0,4.0,860000.0
Nabeul,Nabeul,Maison,À Vendre,350.0,2.0,4.0,401518.4744964525
Monastir,Monastir,Appartement,À Vendre,160.0,2.0,3.0,280000.0
Tunis,Tunis,Villa,À Vendre,228.0,3.0,4.0,600000.0
Tunis,Tunis,Appartement,À Vendre,430.0,3.0,5.0,880000.0
Tunis,Tunis,Appartement,À Vendre,105.0,2.0,2.0,650000.0
Ariana,Ariana,Villa,À Vendre,480.0,2.0,4.0,688115.4825842935
Tunis,Tunis,Villa,À Vendre,650.0,2.0,5.0,850000.0
Sfax,Sfax,Villa,À Vendre,400.0,2.0,4.0,360000.0
La Manouba,La_Manouba,Villa,À Vendre,499.0,1.0,4.0,566723.095550232
Ariana,Ariana,Maison,À Vendre,150.0,1.0,4.0,361183.0008013342
Ben Arous,Ben_Arous,Villa,À Vendre,600.0,2.0,4.0,950000.0
Gabès,Gabs,Maison,À Vendre,116.0,1.0,2.0,52681.95423723094
Ariana,Ariana,Maison,À Vendre,103.0,1.0,3.0,195000.0
Sousse,Sousse,Villa,À Vendre,237.0,1.0,2.0,645863.679558091
Ariana,Ariana,Villa,À Vendre,400.0,2.0,3.0,655540.9570143367
Nabeul,Nabeul,Appartement,À Vendre,133.0,2.0,3.0,110000.0
Sfax,Sfax,Villa,À Vendre,400.0,2.0,4.0,530000.0
Ariana,Ariana,Maison,,189.0,1.0,4.0,361192.90183401655
Tunis,Tunis,Villa,À Vendre,235.0,3.0,4.0,900000.0
Sousse,Sousse,Maison,À Vendre,492.0,3.0,3.0,900000.0
Ariana,Ariana,Villa,À Vendre,750.0,4.0,5.0,1100000.0
Ben Arous,Ben_Arous,Villa,À Vendre,550.0,3.0,6.0,1200000.0
Médenine,Mdenine,Maison,À Vendre,600.0,5.0,10.0,398423.4124622729
Médenine,Mdenine,Villa,À Vendre,395.0,2.0,3.0,497006.0740058713
Médenine,Mdenine,Villa,À Vendre,422.0,1.0,3.0,496929.30655058776
La Manouba,La_Manouba,Villa,À Vendre,400.0,3.0,5.0,599419.421951646
Sousse,Sousse,Villa,À Vendre,387.0,2.0,4.0,650000.0
Le Kef,Le_Kef,Maison,À Vendre,235.0,2.0,3.0,76066.31671067083
Ben Arous,Ben_Arous,Appartement,À Vendre,90.0,1.0,2.0,294177.4899501091
Nabeul,Nabeul,Maison,À Vendre,148.0,1.0,4.0,401383.57020823925
Le Kef,Le_Kef,Maison,À Vendre,264.0,1.0,4.0,155000.0
Ariana,Ariana,Villa,À Vendre,240.0,1.0,3.0,655416.7153767045
Monastir,Monastir,Villa,À Vendre,1020.0,5.0,8.0,123456.0
Tunis,Tunis,Maison,À Vendre,165.0,1.0,4.0,343219.55488270224
Ben Arous,Ben_Arous,Appartement,À Vendre,230.0,2.0,4.0,359405.0856537364
Tunis,Tunis,Villa,À Vendre,760.0,4.0,4.0,670386.5569461177
Sfax,Sfax,Villa,À Vendre,820.0,1.0,4.0,549999.0
Tunis,Tunis,Maison,À Vendre,100.0,3.0,10.0,538695.5917502658
Bizerte,Bizerte,Villa,À Vendre,243.0,2.0,2.0,350000.0
Tunis,Tunis,Villa,À Vendre,888.0,3.0,7.0,767998.0779047338
Sousse,Sousse,Villa,À Vendre,252.0,2.0,3.0,678505.3254232819
Sousse,Sousse,Villa,À Vendre,580.0,1.0,2.0,850000.0
Monastir,Monastir,Villa,À Vendre,750.0,2.0,5.0,452607.9518002609
Sousse,Sousse,Villa,À Vendre,525.0,2.0,4.0,711128.8484113845
Sousse,Sousse,Villa,À Vendre,483.0,4.0,3.0,678731.2140342201
Sousse,Sousse,Villa,À Vendre,777.0,2.0,4.0,711192.8243148704
La Manouba,La_Manouba,Villa,À Vendre,542.0,2.0,4.0,566817.6340898173
Ben Arous,Ben_Arous,Villa,À Vendre,350.0,2.0,4.0,594437.8919743634
Ben Arous,Ben_Arous,Maison,À Vendre,110.0,1.0,2.0,202419.82720971067
Ariana,Ariana,Maison,À Vendre,542.0,1.0,3.0,328728.3031140969
Nabeul,Nabeul,Villa,À Vendre,170.0,1.0,3.0,180000.0
Gabès,Gabs,Maison,À Vendre,506.0,1.0,3.0,250000.0
Tunis,Tunis,Villa,À Vendre,454.0,2.0,4.0,1080000.0
Nabeul,Nabeul,Villa,À Louer,600.0,3.0,2.0,750000.0
Ariana,Ariana,Villa,À Vendre,740.0,1.0,3.0,655543.6516931446
Ariana,Ariana,Villa,À Vendre,500.0,3.0,5.0,1250000.0
Tunis,Tunis,Villa,À Vendre,114.0,1.0,2.0,325000.0
Ariana,Ariana,Maison,À Vendre,189.0,1.0,3.0,299999.0
Ben Arous,Ben_Arous,Villa,À Vendre,340.0,2.0,3.0,561881.1374887082
La Manouba,La_Manouba,Maison,,189.0,2.0,4.0,239962.93525267317
Nabeul,Nabeul,Villa,À Vendre,134.0,3.0,4.0,150000.0
Sousse,Sousse,Villa,À Vendre,385.0,3.0,6.0,900000.0
Kairouan,Kairouan,Maison,À Vendre,214.0,1.0,3.0,350000.0
Sousse,Sousse,Appartement,À Vendre,297.0,1.0,4.0,424000.0
Sousse,Sousse,Maison,À Vendre,189.0,2.0,4.0,650000.0
Sfax,Sfax,Maison,À Louer,90.0,2.0,4.0,272192.9395959566
Ben Arous,Ben_Arous,Maison,À Vendre,100.0,1.0,2.0,165000.0
Tunis,Tunis,Villa,À Vendre,299.0,2.0,5.0,520000.0
Zaghouan,Zaghouan,Villa,À Vendre,170.0,2.0,5.0,390000.0
Zaghouan,Zaghouan,Villa,À Vendre,150.0,1.0,3.0,220000.0
Ariana,Ariana,Villa,À Vendre,500.0,5.0,4.0,1150000.0
Tunis,Tunis,Villa,À Vendre,142.0,2.0,3.0,637508.2038669284
Sousse,Sousse,Villa,À Vendre,378.0,2.0,5.0,743645.7448936775
Sfax,Sfax,Maison,À Vendre,1347.0,1.0,4.0,272428.4354791157
La Manouba,La_Manouba,Villa,À Vendre,134.0,1.0,5.0,160000.0
Ben Arous,Ben_Arous,Villa,À Vendre,700.0,3.0,5.0,627164.5851715691
Tunis,Tunis,Appartement,À Vendre,100.0,2.0,1.0,250000.0
La Manouba,La_Manouba,Villa,À Vendre,500.0,2.0,3.0,520000.0
Sousse,Sousse,Villa,À Vendre,500.0,3.0,4.0,711206.123611934
Ben Arous,Ben_Arous,Villa,sale,400.0,2.0,4.0,680000.0
Ben Arous,Ben_Arous,Appartement,À Vendre,100.0,2.0,4.0,155000.0
Nabeul,Nabeul,Maison,À Vendre,189.0,2.0,3.0,260000.0
Médenine,Mdenine,Villa,À Vendre,253.0,2.0,4.0,240000.0
Ariana,Ariana,Maison,À Vendre,100.0,2.0,3.0,328699.71342673525
Ben Arous,Ben_Arous,Villa,À Vendre,508.0,4.0,9.0,1200000.0
La Manouba,La_Manouba,Villa,À Vendre,1000.0,2.0,4.0,580000.0
Tunis,Tunis,Maison,À Vendre,110.0,1.0,2.0,278097.16036924114
Sousse,Sousse,Maison,À Vendre,155.0,1.0,3.0,350000.0
Sousse,Sousse,Maison,À Vendre,184.0,1.0,4.0,384193.5740294637
Tunis,Tunis,Villa,À Vendre,563.0,2.0,4.0,1250000.0
Tunis,Tunis,Villa,À Vendre,622.0,4.0,8.0,800568.3855600853
Sousse,Sousse,Maison,À Vendre,106.0,1.0,4.0,298000.0
Ariana,Ariana,Villa,À Vendre,133.0,2.0,3.0,655473.1730213577
Ariana,Ariana,Villa,À Vendre,750.0,1.0,4.0,1250000.0
Ben Arous,Ben_Arous,Villa,À Vendre,210.0,2.0,3.0,400000.0
Ariana,Ariana,Maison,À Vendre,250.0,1.0,2.0,285000.0
Tunis,Tunis,Villa,À Vendre,425.0,3.0,6.0,735326.3191163839
Tunis,Tunis,Villa,À Vendre,205.0,2.0,3.0,600000.0
La Manouba,La_Manouba,Villa,À Vendre,150.0,1.0,4.0,300000.0
Mahdia,Mahdia,Villa,À Vendre,246.0,2.0,6.0,550000.0
Tunis,Tunis,Villa,À Vendre,205.0,2.0,5.0,702632.6293614525
Tunis,Tunis,Appartement,À Vendre,125.0,1.0,2.0,375000.0
Nabeul,Nabeul,Villa,À Vendre,400.0,3.0,3.0,750000.0
Sousse,Sousse,Villa,À Vendre,500.0,1.0,3.0,678484.6638198649
Ariana,Ariana,Villa,À Vendre,370.0,2.0,3.0,655533.3408353503
Nabeul,Nabeul,Villa,À Vendre,280.0,2.0,5.0,760820.0009692146
Nabeul,Nabeul,Villa,À Vendre,850.0,1.0,3.0,900000.0
Ben Arous,Ben_Arous,Villa,À Vendre,566.0,2.0,3.0,561938.5127037391
Nabeul,Nabeul,Appartement,À Vendre,420.0,1.0,2.0,330000.0
Ariana,Ariana,Maison,À Vendre,520.0,1.0,4.0,1111111.0
Sfax,Sfax,Appartement,À Louer,160.0,1.0,2.0,800000.0
Sfax,Sfax,Appartement,À Vendre,1000.0,1.0,4.0,364103.08186856227
Jendouba,Jendouba,Maison,À Vendre,92.0,1.0,3.0,88000.0
Sousse,Sousse,Maison,À Vendre,200.0,2.0,7.0,430000.0
La Manouba,La_Manouba,Maison,À Vendre,103.0,2.0,6.0,200000.0
Tunis,Tunis,Maison,À Vendre,189.0,3.0,4.0,200000.0
Nabeul,Nabeul,Villa,À Vendre,200.0,5.0,4.0,590000.0
Sousse,Sousse,Maison,À Vendre,150.0,1.0,2.0,130000.0
Sidi Bouzid,Sidi_Bouzid,Maison,À Vendre,300.0,1.0,3.0,120000.0
La Manouba,La_Manouba,Villa,À Vendre,252.0,2.0,3.0,285000.0
Nabeul,Nabeul,Villa,À Vendre,405.0,2.0,5.0,850000.0
Nabeul,Nabeul,Villa,À Vendre,500.0,3.0,4.0,1200000.0
Ariana,Ariana,Villa,À Vendre,270.0,4.0,7.0,450000.0
Sousse,Sousse,Maison,À Vendre,246.0,1.0,3.0,172000.0
Ben Arous,Ben_Arous,Maison,À Vendre,140.0,1.0,2.0,280000.0
Ben Arous,Ben_Arous,Maison,À Vendre,580.0,1.0,3.0,235093.3631064907
Tunis,Tunis,Appartement,À Vendre,444.0,2.0,3.0,380000.0
Sousse,Sousse,Villa,À Vendre,492.0,2.0,4.0,850000.0
Sousse,Sousse,Villa,À Vendre,250.0,2.0,4.0,980000.0
Ariana,Ariana,Villa,À Vendre,834.0,4.0,6.0,753481.0290477285
Nabeul,Nabeul,Maison,À Vendre,500.0,1.0,4.0,401472.9333750131
Ben Arous,Ben_Arous,Villa,À Vendre,400.0,2.0,4.0,580000.0
La Manouba,La_Manouba,Villa,À Vendre,400.0,4.0,6.0,632057.2597273437
Ben Arous,Ben_Arous,Villa,À Vendre,200.0,2.0,4.0,750000.0
Nabeul,Nabeul,Villa,À Vendre,240.0,3.0,4.0,630000.0
Nabeul,Nabeul,Villa,À Vendre,218.0,2.0,4.0,460000.0
Nabeul,Nabeul,Maison,À Vendre,143.0,2.0,3.0,160000.0
Tunis,Tunis,Villa,À Vendre,470.0,2.0,8.0,520000.0
Gafsa,Gafsa,Villa,À Vendre,444.0,1.0,4.0,500000.0
Ariana,Ariana,Villa,À Vendre,400.0,1.0,5.0,720565.766516618
Ariana,Ariana,Villa,À Vendre,850.0,6.0,6.0,753652.3350425975
Tunis,Tunis,Appartement,À Vendre,200.0,2.0,3.0,900000.0
Tunis,Tunis,Villa,À Vendre,270.0,2.0,6.0,1160000.0
Tunis,Tunis,Maison,À Vendre,400.0,1.0,2.0,800000.0
Ariana,Ariana,Maison,À Vendre,400.0,1.0,5.0,393800.68471888057
La Manouba,La_Manouba,Maison,À Vendre,140.0,2.0,3.0,210000.0
Sousse,Sousse,Maison,À Vendre,180.0,1.0,3.0,230000.0
Sousse,Sousse,Maison,À Vendre,150.0,2.0,4.0,150000.0
Sousse,Sousse,Appartement,À Vendre,120.0,2.0,3.0,500000.0
Tunis,Tunis,Villa,À Vendre,450.0,2.0,6.0,750000.0
Sousse,Sousse,Maison,À Vendre,155.0,2.0,2.0,225000.0
Sousse,Sousse,Villa,À Vendre,446.0,2.0,2.0,560000.0
Sousse,Sousse,Villa,À Vendre,210.0,1.0,1.0,613302.609237677
Sousse,Sousse,Appartement,À Vendre,320.0,2.0,3.0,443520.24715763645
Ben Arous,Ben_Arous,Villa,À Vendre,305.0,2.0,6.0,450000.0
Tunis,Tunis,Villa,À Vendre,540.0,4.0,8.0,800547.5680041893
Sousse,Sousse,Appartement,À Vendre,400.0,1.0,3.0,300000.0
Ben Arous,Ben_Arous,Villa,À Vendre,500.0,3.0,5.0,750000.0
Ariana,Ariana,Maison,À Vendre,189.0,1.0,4.0,600000.0
Nabeul,Nabeul,Maison,À Vendre,300.0,2.0,4.0,401505.7808648085
Sfax,Sfax,Villa,À Vendre,220.0,2.0,5.0,631545.2405952946
Nabeul,Nabeul,Maison,À Vendre,189.0,1.0,4.0,330000.0
Bizerte,Bizerte,Maison,À Vendre,120.0,2.0,4.0,250000.0
Nabeul,Nabeul,Villa,À Vendre,400.0,3.0,3.0,850000.0
Nabeul,Nabeul,Villa,À Vendre,460.0,3.0,4.0,728395.1043001781
Ben Arous,Ben_Arous,Maison,À Vendre,90.0,1.0,2.0,90000.0
Sousse,Sousse,Appartement,À Vendre,360.0,3.0,5.0,520000.0
Sousse,Sousse,Maison,À Vendre,120.0,1.0,3.0,87000.0
Tunis,Tunis,Villa,À Vendre,255.0,4.0,6.0,250000.0
Bizerte,Bizerte,Villa,À Vendre,162.0,2.0,4.0,330000.0
Nabeul,Nabeul,Villa,À Vendre,324.0,2.0,3.0,1050000.0
Tunis,Tunis,Villa,À Vendre,415.0,2.0,3.0,590000.0
Ben Arous,Ben_Arous,Villa,À Vendre,494.0,2.0,4.0,594474.4496334981
Nabeul,Nabeul,Maison,À Vendre,143.0,2.0,3.0,368911.70710212
Ben Arous,Ben_Arous,Villa,À Vendre,500.0,2.0,6.0,800000.0
Tunis,Tunis,Villa,À Vendre,900.0,2.0,4.0,670254.855081978
Bizerte,Bizerte,Appartement,À Vendre,234.0,2.0,4.0,150000.0
Ben Arous,Ben_Arous,Maison,À Vendre,100.0,1.0,1.0,169863.07272405556
La Manouba,La_Manouba,Maison,À Vendre,189.0,1.0,4.0,330000.0
La Manouba,La_Manouba,Villa,À Vendre,340.0,5.0,8.0,697234.0809043949
Sfax,Sfax,Villa,À Vendre,800.0,2.0,7.0,696800.9182410178
Médenine,Mdenine,Villa,À Vendre,200.0,4.0,3.0,497123.8128752025
Médenine,Mdenine,Villa,À Vendre,270.0,2.0,4.0,529528.5556860877
Sfax,Sfax,Maison,À Vendre,189.0,1.0,4.0,100000.0
Ariana,Ariana,Maison,À Vendre,189.0,1.0,3.0,328638.6860746902
Médenine,Mdenine,Maison,À Vendre,189.0,2.0,4.0,202742.91020508698
Sousse,Sousse,Villa,À Vendre,425.0,2.0,3.0,800000.0
Tunis,Tunis,Appartement,À Vendre,152.0,1.0,3.0,220000.0
Ben Arous,Ben_Arous,Villa,À Vendre,273.0,2.0,4.0,580000.0
Sousse,Sousse,Maison,À Vendre,360.0,1.0,2.0,330000.0
Zaghouan,Zaghouan,Villa,,400.0,1.0,4.0,509132.0477311527
Nabeul,Nabeul,Villa,À Vendre,269.0,2.0,3.0,695708.7768516003
Nabeul,Nabeul,Appartement,À Vendre,95.0,1.0,2.0,245000.0
Nabeul,Nabeul,Maison,À Vendre,220.0,1.0,1.0,280000.0
Nabeul,Nabeul,Maison,À Vendre,189.0,1.0,3.0,260000.0
Sidi Bouzid,Sidi_Bouzid,Villa,À Vendre,427.0,1.0,3.0,600000.0
Nabeul,Nabeul,Villa,À Vendre,204.0,2.0,3.0,670000.0
Kairouan,Kairouan,Maison,À Vendre,280.0,1.0,3.0,207099.82452391955
La Manouba,La_Manouba,Maison,À Vendre,264.0,1.0,4.0,350000.0
Médenine,Mdenine,Villa,À Vendre,350.0,2.0,3.0,496994.64973739174
Tunis,Tunis,Villa,À Vendre,580.0,3.0,6.0,735365.6693744804
Sousse,Sousse,Villa,À Vendre,250.0,2.0,3.0,320000.0
Sousse,Sousse,Villa,À Vendre,350.0,5.0,8.0,950000.0
Sousse,Sousse,Villa,À Louer,500.0,1.0,1.0,1100000.0
Nabeul,Nabeul,Villa,À Vendre,350.0,3.0,6.0,600000.0
Ben Arous,Ben_Arous,Maison,À Vendre,420.0,2.0,4.0,267690.5812609276
Nabeul,Nabeul,Villa,À Vendre,496.0,4.0,6.0,793596.2972499859
Nabeul,Nabeul,Villa,À Vendre,345.0,3.0,2.0,663257.4774287442
Nabeul,Nabeul,Maison,À Vendre,150.0,2.0,2.0,336359.2684512238
Ariana,Ariana,Appartement,À Vendre,90.0,1.0,2.0,120000.0
Nabeul,Nabeul,Appartement,À Vendre,100.0,1.0,2.0,240000.0
Nabeul,Nabeul,Villa,À Vendre,345.0,3.0,4.0,845000.0
Tunis,Tunis,Villa,À Vendre,440.0,3.0,8.0,900000.0
Ariana,Ariana,Villa,À Vendre,370.0,4.0,5.0,720809.0163867457
Tunis,Tunis,Villa,À Vendre,750.0,5.0,5.0,703021.8559954865
Ariana,Ariana,Villa,À Vendre,370.0,3.0,7.0,900000.0
Bizerte,Bizerte,Villa,À Vendre,300.0,3.0,4.0,545424.2083148941
Monastir,Monastir,Maison,À Vendre,189.0,1.0,4.0,93062.60967978
Ariana,Ariana,Appartement,À Vendre,120.0,1.0,4.0,452938.12481540383
Tunis,Tunis,Maison,À Vendre,189.0,1.0,4.0,280000.0
Sousse,Sousse,Maison,À Vendre,175.0,1.0,3.0,351637.07341644145
Ben Arous,Ben_Arous,Villa,À Vendre,100.0,2.0,6.0,370000.0
Nabeul,Nabeul,Villa,À Vendre,200.0,1.0,2.0,320000.0
Nabeul,Nabeul,Villa,À Vendre,278.0,3.0,5.0,760903.1152403201
La Manouba,La_Manouba,Appartement,À Vendre,153.0,1.0,3.0,435000.0
Ariana,Ariana,Appartement,À Vendre,185.0,1.0,4.0,460000.0
Ben Arous,Ben_Arous,Maison,À Vendre,126.0,1.0,3.0,125000.0
Ariana,Ariana,Appartement,À Vendre,100.0,1.0,2.0,150000.0
Ben Arous,Ben_Arous,Maison,À Vendre,100.0,1.0,4.0,267525.7200020345
Ariana,Ariana,Maison,À Vendre,350.0,2.0,3.0,328763.1815849553
Nabeul,Nabeul,Villa,À Vendre,605.0,5.0,5.0,690000.0
Ben Arous,Ben_Arous,Villa,À Vendre,460.0,2.0,4.0,720000.0
Sfax,Sfax,Villa,À Vendre,543.0,2.0,4.0,599073.0256963887
Tunis,Tunis,Appartement,À Vendre,200.0,2.0,3.0,480000.0
Ben Arous,Ben_Arous,Maison,À Vendre,485.0,2.0,3.0,280000.0
Ariana,Ariana,Villa,À Vendre,270.0,4.0,6.0,570000.0
Ben Arous,Ben_Arous,Maison,À Vendre,370.0,2.0,4.0,379999.0
Ariana,Ariana,Villa,À Vendre,640.0,5.0,4.0,688406.9682546685
Nabeul,Nabeul,Villa,À Louer,267.0,2.0,2.0,630000.0
Sfax,Sfax,Villa,À Vendre,850.0,2.0,4.0,350000.0
